{
  "type": "FeatureCollection",
  "generator": "overpass-turbo",
  "copyright": "The data included in this document is from www.openstreetmap.org. The data is made available under ODbL.",
  "timestamp": "2026-06-24T23:02:24Z",
  "features": [
    {
      "type": "Feature",
      "properties": {
        "@id": "relation/1422843",
        "amenity": "university",
        "education": "university",
        "int_name": "Tokyo Institute of Technology",
        "name": "東京科学大学 大岡山キャンパス",
        "name:en": "Institute of Science Tokyo - Ookayama Campus",
        "name:ja": "東京科学大学 大岡山キャンパス",
        "note:ja": "国土数値情報（公共施設データ）平成19年　国土交通省",
        "old_name": "東京工業大学 大岡山キャンパス",
        "old_name:en": "Tokyo Institute of Technology - Ookayama Campus",
        "old_name:es": "Instituto Tecnológico de Tokio - Campus Ookayama",
        "operator": "東京科学大学",
        "operator:type": "university",
        "source": "KSJ2;National-Land Numerical Information (Public Facility) 2006, MLIT Japan",
        "type": "multipolygon",
        "wikidata": "Q116264906",
        "wikipedia": "ja:東京科学大学",
        "@geometry": "center"
      },
      "geometry": {
        "type": "Point",
        "coordinates": [
          139.681613,
          35.6049613
        ]
      },
      "id": "relation/1422843"
    },
    {
      "type": "Feature",
      "properties": {
        "@id": "relation/2653392",
        "amenity": "university",
        "name": "桜美林学園",
        "type": "multipolygon",
        "@geometry": "center"
      },
      "geometry": {
        "type": "Point",
        "coordinates": [
          139.4070902,
          35.5814476
        ]
      },
      "id": "relation/2653392"
    },
    {
      "type": "Feature",
      "properties": {
        "@id": "relation/3608646",
        "amenity": "university",
        "education": "university",
        "name": "明治大学",
        "name:en": "Meiji University",
        "name:es": "Universidad de Meiji",
        "name:ja": "明治大学",
        "name:ja-Hira": "めいじだいがく",
        "name:ja-Latn": "Meiji Daigaku",
        "type": "multipolygon",
        "website": "https://www.meiji.ac.jp/",
        "wikidata": "Q46492",
        "wikipedia": "ja:明治大学",
        "@geometry": "center"
      },
      "geometry": {
        "type": "Point",
        "coordinates": [
          139.7616977,
          35.6979605
        ]
      },
      "id": "relation/3608646"
    },
    {
      "type": "Feature",
      "properties": {
        "@id": "relation/4844870",
        "addr:block_number": "8",
        "addr:city": "千代田区",
        "addr:country": "JP",
        "addr:housenumber": "15",
        "addr:neighbourhood": "神田駿河台一丁目",
        "addr:province": "東京都",
        "amenity": "university",
        "building": "yes",
        "education": "university",
        "height": "15",
        "name": "日本大学歯学部総合歯学研究所１号館",
        "name:en": "Hihon University Dentistry Faculty Dentistry Research Institute",
        "name:es": "Facultad de Odontología de la Universidad de Hihon, Instituto de Investigación de Odontología",
        "operator": "日本大学",
        "type": "multipolygon",
        "@geometry": "center"
      },
      "geometry": {
        "type": "Point",
        "coordinates": [
          139.7631983,
          35.6977731
        ]
      },
      "id": "relation/4844870"
    },
    {
      "type": "Feature",
      "properties": {
        "@id": "relation/4848027",
        "amenity": "university",
        "education": "university",
        "name": "日本大学",
        "name:de": "Nihon Universität",
        "name:en": "Nihon University",
        "name:es": "Universidad Nihon",
        "type": "multipolygon",
        "@geometry": "center"
      },
      "geometry": {
        "type": "Point",
        "coordinates": [
          139.7629963,
          35.6975541
        ]
      },
      "id": "relation/4848027"
    },
    {
      "type": "Feature",
      "properties": {
        "@id": "relation/4852779",
        "addr:block_number": "5",
        "addr:city": "千代田区",
        "addr:country": "JP",
        "addr:housenumber": "1",
        "addr:neighbourhood": "神田駿河台一丁目",
        "addr:province": "東京都",
        "amenity": "university",
        "building": "yes",
        "education": "university",
        "name": "日本大学理工学部工業化学科",
        "name:en": "Nihon University. Faculty of Science and Engineering. Department of Industrial Chemistry",
        "name:es": "Universidad de Nihon, facultad de Ciencia e Ingeniería",
        "name:ja": "日本大学理工学部工業化学科",
        "type": "multipolygon",
        "@geometry": "center"
      },
      "geometry": {
        "type": "Point",
        "coordinates": [
          139.7612193,
          35.6984769
        ]
      },
      "id": "relation/4852779"
    },
    {
      "type": "Feature",
      "properties": {
        "@id": "relation/5414631",
        "amenity": "university",
        "education": "university",
        "name": "東京大学浅野キャンパス",
        "name:en": "University of Tokyo (Asano Section)",
        "name:es": "Universidad de Tokio (Campus Asano)",
        "name:ja": "東京大学浅野キャンパス",
        "name:ja-Hira": "とうきょうだいがくあさのキャンパス",
        "name:ja_rm": "Tōkyō Daigaku Asano Kyanpasu",
        "name:ko": "도쿄대학 아사노캠퍼스",
        "operator": "東京大学",
        "type": "multipolygon",
        "@geometry": "center"
      },
      "geometry": {
        "type": "Point",
        "coordinates": [
          139.7643992,
          35.7159611
        ]
      },
      "id": "relation/5414631"
    },
    {
      "type": "Feature",
      "properties": {
        "@id": "relation/5414632",
        "amenity": "university",
        "education": "university",
        "name": "東京大学弥生キャンパス",
        "name:en": "University of Tokyo (Yayoi Section)",
        "name:es": "Universidad de Tokyo (Campus Yayoi)",
        "name:fr": "Université de Tokyo (Campus de Yayoi)",
        "name:ja": "東京大学弥生キャンパス",
        "name:ja-Hira": "とうきょうだいがくやよいキャンパス",
        "name:ja-Latn": "Tōkyō Daigaku Yayoi Kyanpasu",
        "name:ko": "도쿄대학 야요이캠퍼스",
        "operator": "東京大学",
        "operator:wikidata": "Q7842",
        "type": "multipolygon",
        "@geometry": "center"
      },
      "geometry": {
        "type": "Point",
        "coordinates": [
          139.7606737,
          35.7172782
        ]
      },
      "id": "relation/5414632"
    },
    {
      "type": "Feature",
      "properties": {
        "@id": "relation/5414648",
        "addr:block_number": "3",
        "addr:city": "文京区",
        "addr:housenumber": "1",
        "addr:neighbourhood": "本郷七丁目",
        "addr:postcode": "113-8654",
        "addr:province": "東京都",
        "amenity": "university",
        "education": "university",
        "name": "東京大学本郷キャンパス",
        "name:en": "University of Tokyo (Hongo Campus)",
        "name:es": "Universidad de Tokio (Campus Hongo)",
        "name:fr": "Université de Tokyo (Campus Hongō)",
        "name:ja": "東京大学本郷キャンパス",
        "name:ja-Hira": "とうきょうだいがくほんごうキャンパス",
        "name:ja-Latn": "Tōkyō Daigaku Hongō Kyanpasu",
        "name:ko": "도쿄대학 혼고캠퍼스",
        "name:zh": "東京大學本鄉校區",
        "operator": "東京大学",
        "type": "multipolygon",
        "wikidata": "Q11524692",
        "wikimedia_commons": "Category:Hongo Campus, the University of Tokyo",
        "wikipedia": "ja:東京大学本郷地区キャンパス",
        "@geometry": "center"
      },
      "geometry": {
        "type": "Point",
        "coordinates": [
          139.7633608,
          35.7116881
        ]
      },
      "id": "relation/5414648"
    },
    {
      "type": "Feature",
      "properties": {
        "@id": "relation/8115838",
        "addr:block_number": "6",
        "addr:city": "新宿区",
        "addr:country": "JP",
        "addr:housenumber": "1",
        "addr:neighbourhood": "西早稲田一丁目",
        "addr:postcode": "169-8050",
        "addr:province": "東京都",
        "alt_name": "早稲田大学",
        "amenity": "university",
        "check_date": "2026-01-22",
        "description": "創立者:大隈重信",
        "education": "university",
        "is_in:country": "Japan",
        "is_in:country_code": "JP",
        "is_in:iso_3166_2": "JP-13",
        "is_in:prefecture": "東京都",
        "is_in:province": "Tokyo",
        "name": "早稲田大学早稲田キャンパス",
        "name:en": "Waseda University Waseda Campus",
        "name:es": "Universidad de Waseda",
        "name:fr": "Université Waseda",
        "name:ja": "早稲田大学早稲田キャンパス",
        "name:ja-Hira": "わせだだいがく わせだきゃんぱす",
        "name:ko": "와세다 대학",
        "name:pt": "Universidade de Waseda",
        "name:th": "มหาวิทยาลัยวาเซดะ",
        "name:vi": "Đại học Waseda",
        "name:yue": "早稻田大學",
        "name:zh": "早稻田大學早稻田校區",
        "old_name": "東京専門学校",
        "operator": "学校法人早稲田大学",
        "phone": "+81 3 3203 4141",
        "short_name": "早大",
        "source": "Bing;survey",
        "start_date": "1920",
        "type": "multipolygon",
        "was:amenity": "university",
        "website": "https://www.waseda.jp/",
        "wikidata": "Q274486",
        "wikipedia": "ja:早稲田大学",
        "wikipedia:en": "Waseda University",
        "wikipedia:es": "Universidad de Waseda",
        "wikipedia:ko": "와세다 대학",
        "wikipedia:ru": "Университет Васэда",
        "wikipedia:zh": "早稻田大学",
        "@geometry": "center"
      },
      "geometry": {
        "type": "Point",
        "coordinates": [
          139.7189628,
          35.7097109
        ]
      },
      "id": "relation/8115838"
    },
    {
      "type": "Feature",
      "properties": {
        "@id": "relation/8837903",
        "amenity": "university",
        "education": "university",
        "name": "一橋大学",
        "name:en": "Hitotsubashi University",
        "name:ja": "一橋大学",
        "name:ja_rm": "Hitotsubashi Daigaku",
        "type": "multipolygon",
        "wikidata": "Q204626",
        "@geometry": "center"
      },
      "geometry": {
        "type": "Point",
        "coordinates": [
          139.4455006,
          35.693699
        ]
      },
      "id": "relation/8837903"
    },
    {
      "type": "Feature",
      "properties": {
        "@id": "relation/11243839",
        "amenity": "university",
        "name": "立正大学品川キャンパス",
        "type": "multipolygon",
        "@geometry": "center"
      },
      "geometry": {
        "type": "Point",
        "coordinates": [
          139.7236322,
          35.6209568
        ]
      },
      "id": "relation/11243839"
    },
    {
      "type": "Feature",
      "properties": {
        "@id": "relation/13049095",
        "amenity": "university",
        "name": "東大生態調和農学機構 西東京フィールド",
        "name:en": "Institute for Sustainable Agro-ecosystem Services (University of Tokyo) Nishitokyo Field",
        "official_name": "東京大学大学院農学生命科学研究科附属生態調和農学機構 西東京フィールド",
        "reg_name": "東大農場",
        "source": "Bing",
        "type": "multipolygon",
        "@geometry": "center"
      },
      "geometry": {
        "type": "Point",
        "coordinates": [
          139.5396607,
          35.7365616
        ]
      },
      "id": "relation/13049095"
    },
    {
      "type": "Feature",
      "properties": {
        "@id": "relation/13942424",
        "amenity": "university",
        "education": "university",
        "name": "日本女子体育大学",
        "note": "National-Land Numerical Information (Public Facility) 2006, MLIT Japan",
        "note:ja": "国土数値情報（公共施設データ）平成19年　国土交通省",
        "source": "KSJ2",
        "source_ref": "http://nlftp.mlit.go.jp/ksj/jpgis/datalist/KsjTmplt-P02-v2_0.html",
        "type": "multipolygon",
        "wikidata": "Q4614684",
        "@geometry": "center"
      },
      "geometry": {
        "type": "Point",
        "coordinates": [
          139.5892133,
          35.6764441
        ]
      },
      "id": "relation/13942424"
    },
    {
      "type": "Feature",
      "properties": {
        "@id": "relation/14134747",
        "amenity": "university",
        "education": "university",
        "name": "東京女子医科大学",
        "name:en": "Tokyo Women's Medical University",
        "name:es": "Universidad médica de mujeres de Tokio",
        "note": "National-Land Numerical Information (Public Facility) 2006, MLIT Japan",
        "note:ja": "国土数値情報（公共施設データ）平成19年　国土交通省",
        "source": "KSJ2",
        "source_ref": "http://nlftp.mlit.go.jp/ksj/jpgis/datalist/KsjTmplt-P02-v2_0.html",
        "type": "multipolygon",
        "website": "https://www.twmu.ac.jp/univ/",
        "wikidata": "Q11524729",
        "wikipedia": "ja:東京女子医科大学",
        "@geometry": "center"
      },
      "geometry": {
        "type": "Point",
        "coordinates": [
          139.7206564,
          35.6982591
        ]
      },
      "id": "relation/14134747"
    },
    {
      "type": "Feature",
      "properties": {
        "@id": "relation/14141251",
        "amenity": "university",
        "education": "university",
        "name": "順天堂大学（医学部）",
        "name:en": "Juntendo University (School of Medicine)",
        "name:es": "Universidad de Juntendo (Escuela de Medicina)",
        "note": "National-Land Numerical Information (Public Facility) 2006, MLIT Japan",
        "note:ja": "国土数値情報（公共施設データ）平成19年　国土交通省",
        "source": "KSJ2",
        "source_ref": "http://nlftp.mlit.go.jp/ksj/jpgis/datalist/KsjTmplt-P02-v2_0.html",
        "type": "multipolygon",
        "wheelchair": "limited",
        "@geometry": "center"
      },
      "geometry": {
        "type": "Point",
        "coordinates": [
          139.7603014,
          35.7024034
        ]
      },
      "id": "relation/14141251"
    },
    {
      "type": "Feature",
      "properties": {
        "@id": "relation/14326551",
        "amenity": "university",
        "education": "university",
        "name": "東洋大学 白山キャンパス",
        "type": "multipolygon",
        "website": "https://www.toyo.ac.jp/",
        "wikidata": "Q11527635",
        "wikipedia": "ja:東洋大学白山キャンパス",
        "@geometry": "center"
      },
      "geometry": {
        "type": "Point",
        "coordinates": [
          139.7500359,
          35.7234417
        ]
      },
      "id": "relation/14326551"
    },
    {
      "type": "Feature",
      "properties": {
        "@id": "relation/14327623",
        "amenity": "university",
        "name": "東洋大学 赤羽台キャンパス",
        "type": "multipolygon",
        "wikidata": "Q22119618",
        "wikipedia": "ja:東洋大学赤羽台キャンパス",
        "@geometry": "center"
      },
      "geometry": {
        "type": "Point",
        "coordinates": [
          139.7164456,
          35.7796094
        ]
      },
      "id": "relation/14327623"
    },
    {
      "type": "Feature",
      "properties": {
        "@id": "relation/14865228",
        "alt_name": "St. Paul's University",
        "amenity": "university",
        "int_name": "Rikkyo University",
        "name": "立教大学",
        "name:en": "Saint Paul's University",
        "name:ja": "立教大学",
        "type": "multipolygon",
        "website": "https://www.rikkyo.ac.jp",
        "wikidata": "Q1143235",
        "wikipedia": "ja:立教大学",
        "@geometry": "center"
      },
      "geometry": {
        "type": "Point",
        "coordinates": [
          139.7028504,
          35.7304161
        ]
      },
      "id": "relation/14865228"
    },
    {
      "type": "Feature",
      "properties": {
        "@id": "relation/16077846",
        "amenity": "university",
        "internet_access": "wlan",
        "internet_access:fee": "no",
        "name": "専修大学",
        "name:en": "Senshu University",
        "type": "multipolygon",
        "wikidata": "Q1062568",
        "wikipedia": "ja:専修大学",
        "@geometry": "center"
      },
      "geometry": {
        "type": "Point",
        "coordinates": [
          139.7541467,
          35.6968631
        ]
      },
      "id": "relation/16077846"
    },
    {
      "type": "Feature",
      "properties": {
        "@id": "relation/16136158",
        "amenity": "university",
        "education": "university",
        "isced:level": "5",
        "name": "日本経済大学",
        "name:en": "Japan University of Economics",
        "name:ja": "日本経済大学",
        "name:zh": "日本经济大学",
        "type": "multipolygon",
        "wikidata": "Q6157884",
        "wikipedia": "ja:日本経済大学",
        "@geometry": "center"
      },
      "geometry": {
        "type": "Point",
        "coordinates": [
          139.7020268,
          35.6553884
        ]
      },
      "id": "relation/16136158"
    },
    {
      "type": "Feature",
      "properties": {
        "@id": "relation/18744911",
        "amenity": "university",
        "assembly_point:unable_to_move": "yes",
        "education": "university",
        "emergency": "assembly_point",
        "name": "東海大学 渋谷キャンパス",
        "old_name": "東海大学 代々木キャンパス",
        "operator": "学校法人東海大学",
        "type": "multipolygon",
        "wikidata": "Q132716952",
        "@geometry": "center"
      },
      "geometry": {
        "type": "Point",
        "coordinates": [
          139.6852182,
          35.6647994
        ]
      },
      "id": "relation/18744911"
    },
    {
      "type": "Feature",
      "properties": {
        "@id": "relation/18934747",
        "amenity": "university",
        "education": "university",
        "fixme": "Please expand",
        "name": "東京科学大学 横浜キャンパス",
        "name:en": "Institute of Science Tokyo - Yokohama Campus",
        "name:ja": "東京科学大学 横浜キャンパス",
        "operator": "東京科学大学",
        "operator:type": "university",
        "type": "multipolygon",
        "website": "https://www.isct.ac.jp/",
        "wikidata": "Q587326",
        "@geometry": "center"
      },
      "geometry": {
        "type": "Point",
        "coordinates": [
          139.4837616,
          35.5148144
        ]
      },
      "id": "relation/18934747"
    },
    {
      "type": "Feature",
      "properties": {
        "@id": "relation/19014965",
        "addr:block_number": "5",
        "addr:city": "品川区",
        "addr:housenumber": "8",
        "addr:neighbourhood": "旗の台一丁目",
        "addr:postcode": "142-8555",
        "addr:province": "東京都",
        "amenity": "university",
        "contact:phone": "+81 3 3784 8000",
        "name": "昭和医科大学 旗の台キャンパス",
        "type": "multipolygon",
        "wikidata": "Q7503109",
        "wikipedia": "ja:昭和医科大学",
        "@geometry": "center"
      },
      "geometry": {
        "type": "Point",
        "coordinates": [
          139.7024542,
          35.6093383
        ]
      },
      "id": "relation/19014965"
    },
    {
      "type": "Feature",
      "properties": {
        "@id": "relation/19290585",
        "addr:block_number": "35",
        "addr:city": "新宿区",
        "addr:neighbourhood": "信濃町",
        "addr:postcode": "160-8582",
        "addr:province": "東京都",
        "amenity": "university",
        "education": "university",
        "name": "慶應義塾大学 信濃町キャンパス",
        "name:en": "Keio University Shinanomachi Campus",
        "name:ja": "慶應義塾大学 信濃町キャンパス",
        "name:ja-Hira": "けいおうぎじゅくだいがくしなのまちきゃんぱす",
        "phone": "+81 3 3353 1211",
        "type": "multipolygon",
        "website": "https://www.keio.ac.jp/ja/",
        "wikidata": "Q815432",
        "wikipedia": "ja:慶應義塾大学",
        "@geometry": "center"
      },
      "geometry": {
        "type": "Point",
        "coordinates": [
          139.7175069,
          35.6821048
        ]
      },
      "id": "relation/19290585"
    },
    {
      "type": "Feature",
      "properties": {
        "@id": "relation/19629115",
        "addr:block_number": "3",
        "addr:city": "新宿区",
        "addr:neighbourhood": "神楽坂一丁目",
        "addr:postcode": "162-8601",
        "addr:province": "東京都",
        "amenity": "university",
        "description": "https://www.ukrinform.ua/amp/rubric-world/4121622-u-tokio-vidkrilas-laboratoria-de-roboti-provodat-medicni-eksperimenti.html",
        "education": "university",
        "name": "東京理科大学神楽坂キャンパス",
        "name:en": "Tokyo University of Science Kagurazaka Campus",
        "name:ja": "東京理科大学神楽坂キャンパス",
        "name:ja-Hira": "とうきょうりかだいがくかぐらざかきゃんぱす",
        "phone": "+81 3 3260 4271",
        "type": "multipolygon",
        "website": "https://www.tus.ac.jp/",
        "wikidata": "Q40973849",
        "wikipedia": "ja:東京理科大学神楽坂キャンパス",
        "@geometry": "center"
      },
      "geometry": {
        "type": "Point",
        "coordinates": [
          139.7421892,
          35.6990052
        ]
      },
      "id": "relation/19629115"
    },
    {
      "type": "Feature",
      "properties": {
        "@id": "relation/19859602",
        "amenity": "university",
        "education": "university",
        "name": "産業能率大学 自由が丘キャンパス",
        "source": "Bing 2010",
        "type": "multipolygon",
        "@geometry": "center"
      },
      "geometry": {
        "type": "Point",
        "coordinates": [
          139.6603186,
          35.6133924
        ]
      },
      "id": "relation/19859602"
    },
    {
      "type": "Feature",
      "properties": {
        "@id": "way/25501650",
        "amenity": "university",
        "name": "東京工科大学",
        "name:de": "Technische Hochschule Tokio",
        "name:en": "Tokyo University of Technology",
        "name:ja": "東京工科大学",
        "wikidata": "Q916902",
        "@geometry": "center"
      },
      "geometry": {
        "type": "Point",
        "coordinates": [
          139.3417478,
          35.6257756
        ]
      },
      "id": "way/25501650"
    },
    {
      "type": "Feature",
      "properties": {
        "@id": "way/26596432",
        "amenity": "university",
        "education": "university",
        "name": "東京都立大学",
        "name:en": "Tokyo Metropolitan University",
        "name:ja_rm": "Tōkyō Toritsu Daigaku",
        "wikidata": "Q1148334",
        "@geometry": "center"
      },
      "geometry": {
        "type": "Point",
        "coordinates": [
          139.3824877,
          35.6200513
        ]
      },
      "id": "way/26596432"
    },
    {
      "type": "Feature",
      "properties": {
        "@id": "way/27406744",
        "amenity": "university",
        "education": "university",
        "emergency": "assembly_point",
        "name": "東京大学 駒場リサーチキャンパス",
        "name:en": "The University of Tokyo, Komaba Research Campus",
        "name:es": "Universidad de Tokio (Campus de investigación Komaba)",
        "wheelchair": "limited",
        "@geometry": "center"
      },
      "geometry": {
        "type": "Point",
        "coordinates": [
          139.6773572,
          35.6618644
        ]
      },
      "id": "way/27406744"
    },
    {
      "type": "Feature",
      "properties": {
        "@id": "way/34368804",
        "addr:block_number": "5",
        "addr:city": "調布市",
        "addr:housenumber": "1",
        "addr:neighbourhood": "調布ヶ丘一丁目",
        "addr:postcode": "182-8585",
        "addr:province": "東京都",
        "amenity": "university",
        "education": "university",
        "name": "電気通信大学",
        "name:en": "University of Electro-Communications",
        "name:ja": "電気通信大学",
        "name:ja-Hira": "でんきつうしんだいがく",
        "name:ja_rm": "Denki Tsūshin Daigaku",
        "note": "National-Land Numerical Information (Public Facility) 2006, MLIT Japan",
        "note:ja": "国土数値情報（公共施設データ）平成19年 国土交通省",
        "source": "KSJ2",
        "source_ref": "http://nlftp.mlit.go.jp/ksj/jpgis/datalist/KsjTmplt-P02-v2_0.html",
        "website": "https://www.uec.ac.jp/",
        "wikidata": "Q197720",
        "wikipedia": "ja:電気通信大学",
        "@geometry": "center"
      },
      "geometry": {
        "type": "Point",
        "coordinates": [
          139.542483,
          35.6574165
        ]
      },
      "id": "way/34368804"
    },
    {
      "type": "Feature",
      "properties": {
        "@id": "way/36822662",
        "amenity": "university",
        "building": "yes",
        "education": "university",
        "name": "早稲田大学26号館",
        "note": "estimated",
        "@geometry": "center"
      },
      "geometry": {
        "type": "Point",
        "coordinates": [
          139.722836,
          35.7091646
        ]
      },
      "id": "way/36822662"
    },
    {
      "type": "Feature",
      "properties": {
        "@id": "way/36822663",
        "amenity": "university",
        "building": "yes",
        "education": "university",
        "name": "早稲田大学25-2号館",
        "note": "estimated",
        "@geometry": "center"
      },
      "geometry": {
        "type": "Point",
        "coordinates": [
          139.7225992,
          35.7087582
        ]
      },
      "id": "way/36822663"
    },
    {
      "type": "Feature",
      "properties": {
        "@id": "way/36823068",
        "amenity": "university",
        "building": "yes",
        "education": "university",
        "@geometry": "center"
      },
      "geometry": {
        "type": "Point",
        "coordinates": [
          139.7214369,
          35.7083521
        ]
      },
      "id": "way/36823068"
    },
    {
      "type": "Feature",
      "properties": {
        "@id": "way/38097919",
        "addr:block_number": "1-9-1",
        "addr:city": "杉並区",
        "addr:postcode": "168-8555",
        "addr:province": "東京都",
        "addr:quarter": "永福",
        "amenity": "university",
        "education": "university",
        "name": "明治大学 和泉キャンパス",
        "name:en": "Meiji University Izumi Campus",
        "note": "estimated",
        "website": "https://www.meiji.ac.jp/koho/campus_guide/izumi/campus.html",
        "@geometry": "center"
      },
      "geometry": {
        "type": "Point",
        "coordinates": [
          139.648191,
          35.6707186
        ]
      },
      "id": "way/38097919"
    },
    {
      "type": "Feature",
      "properties": {
        "@id": "way/38328087",
        "amenity": "university",
        "education": "university",
        "name": "東京女子大学",
        "name:en": "Tokyo Woman's Christian University",
        "name:ja": "東京女子大学",
        "name:ja_rm": "Tokyo Joshi Daigaku",
        "note": "National-Land Numerical Information (Public Facility) 2006, MLIT Japan",
        "note:ja": "国土数値情報（公共施設データ）平成19年　国土交通省",
        "source": "KSJ2",
        "source_ref": "http://nlftp.mlit.go.jp/ksj/jpgis/datalist/KsjTmplt-P02-v2_0.html",
        "wikidata": "Q1062928",
        "@geometry": "center"
      },
      "geometry": {
        "type": "Point",
        "coordinates": [
          139.5899274,
          35.7108134
        ]
      },
      "id": "way/38328087"
    },
    {
      "type": "Feature",
      "properties": {
        "@id": "way/39254833",
        "amenity": "university",
        "check_date": "2026-06-24",
        "contact:instagram": "https://www.instagram.com/tokyomirai_campuscrew",
        "fax": "+81 358132529",
        "name": "東京未来大学",
        "name:en": "Tokyo Future University",
        "name:ja": "東京未来大学",
        "phone": "+81 358132525",
        "website": "https://www.tokyomirai.ac.jp/",
        "wikidata": "Q7813883",
        "wikipedia": "ja:東京未来大学",
        "@geometry": "center"
      },
      "geometry": {
        "type": "Point",
        "coordinates": [
          139.8170265,
          35.7431544
        ]
      },
      "id": "way/39254833"
    },
    {
      "type": "Feature",
      "properties": {
        "@id": "way/39655713",
        "amenity": "university",
        "education": "university",
        "name": "早稲田大学戸山キャンパス",
        "name:en": "Waseda University Toyama Campus",
        "name:ja": "早稲田大学戸山キャンパス",
        "name:zh": "早稻田大學戶山校區",
        "website": "https://www.waseda.jp/top/access/toyama-campus",
        "wikidata": "Q11511497",
        "wikimedia_commons": "Category:Toyama Campus, Waseda University",
        "wikipedia": "ja:早稲田大学戸山キャンパス",
        "@geometry": "center"
      },
      "geometry": {
        "type": "Point",
        "coordinates": [
          139.7176018,
          35.7054006
        ]
      },
      "id": "way/39655713"
    },
    {
      "type": "Feature",
      "properties": {
        "@id": "way/39655714",
        "amenity": "university",
        "education": "university",
        "name": "学習院女子大学",
        "name:en": "Gakushuin Women's College",
        "name:ja": "学習院女子大学",
        "name:ja-Hira": "がくしゅういんじょしだいがく",
        "name:ja_rm": "Gakushuin Joshi Daigaku",
        "name:zh": "學習院女子大學",
        "website": "http://www2.gwc.gakushuin.ac.jp/",
        "wikidata": "Q1064270",
        "wikipedia": "ja:学習院女子大学",
        "@geometry": "center"
      },
      "geometry": {
        "type": "Point",
        "coordinates": [
          139.7122512,
          35.7069552
        ]
      },
      "id": "way/39655714"
    },
    {
      "type": "Feature",
      "properties": {
        "@id": "way/39655715",
        "amenity": "university",
        "education": "university",
        "name": "早稲田大学西早稲田キャンパス",
        "name:en": "Waseda University Nishi-Waseda Canpus",
        "name:ja": "早稲田大学早稲田キャンパス",
        "name:zh": "早稻田大學西早稻田校區",
        "website": "https://www.waseda.jp/top/access/nishiwaseda-campus",
        "wikidata": "Q11511517",
        "wikimedia_commons": "Category:Nishi-Waseda Campus, Waseda University",
        "wikipedia": "ja:早稲田大学西早稲田キャンパス",
        "@geometry": "center"
      },
      "geometry": {
        "type": "Point",
        "coordinates": [
          139.7068174,
          35.7060556
        ]
      },
      "id": "way/39655715"
    },
    {
      "type": "Feature",
      "properties": {
        "@id": "way/40271759",
        "amenity": "university",
        "education": "university",
        "name": "高千穂大学",
        "name:en": "Takachiho University",
        "name:es": "Universidad de Takachiho",
        "name:ja": "高千穂大学",
        "name:ja-Hira": "たかちほだいがく",
        "name:ja_rm": "Takachiho Daigaku",
        "website": "https://www.takachiho.jp/",
        "wikidata": "Q7676991",
        "wikipedia": "ja:高千穂大学",
        "@geometry": "center"
      },
      "geometry": {
        "type": "Point",
        "coordinates": [
          139.6381913,
          35.6827116
        ]
      },
      "id": "way/40271759"
    },
    {
      "type": "Feature",
      "properties": {
        "@id": "way/42935554",
        "addr:block_number": "7",
        "addr:city": "武蔵野市",
        "addr:housenumber": "1",
        "addr:neighbourhood": "境南町一丁目",
        "addr:province": "東京都",
        "amenity": "university",
        "education": "university",
        "@geometry": "center"
      },
      "geometry": {
        "type": "Point",
        "coordinates": [
          139.5475594,
          35.7013946
        ]
      },
      "id": "way/42935554"
    },
    {
      "type": "Feature",
      "properties": {
        "@id": "way/43108938",
        "amenity": "university",
        "education": "university",
        "facebook": "https://www.facebook.com/neec.ac.jp",
        "name": "学校法人片柳学園 日本工学院専門学校 東京工科大学",
        "name:en": "Tokyo Institute of Technology",
        "ref": "3号館",
        "source": "GSI/KIBAN 2500;NARO",
        "@geometry": "center"
      },
      "geometry": {
        "type": "Point",
        "coordinates": [
          139.715848,
          35.5651635
        ]
      },
      "id": "way/43108938"
    },
    {
      "type": "Feature",
      "properties": {
        "@id": "way/43875915",
        "addr:block_number": "11",
        "addr:city": "府中市",
        "addr:housenumber": "1",
        "addr:neighbourhood": "朝日町三丁目",
        "addr:postcode": "183-8534",
        "addr:province": "東京都",
        "amenity": "university",
        "branch": "府中キャンパス",
        "name": "東京外国語大学",
        "name:en": "Tokyo University of Foreign Studies",
        "name:ja": "東京外国語大学",
        "name:ja-Hira": "とうきょうがいこくごだいがく",
        "name:ja_rm": "Tōkyō Gaikokugo Daigaku",
        "note": "National-Land Numerical Information (Public Facility) 2006, MLIT Japan",
        "note:ja": "国土数値情報（公共施設データ）平成19年 国土交通省",
        "source": "KSJ2",
        "source_ref": "http://nlftp.mlit.go.jp/ksj/jpgis/datalist/KsjTmplt-P02-v2_0.html",
        "website": "https://www.tufs.ac.jp/",
        "wikidata": "Q1328372",
        "wikipedia": "ja:東京外国語大学",
        "@geometry": "center"
      },
      "geometry": {
        "type": "Point",
        "coordinates": [
          139.5207737,
          35.6741754
        ]
      },
      "id": "way/43875915"
    },
    {
      "type": "Feature",
      "properties": {
        "@id": "way/45673892",
        "amenity": "university",
        "education": "university",
        "name": "東京富士大学",
        "name:en": "Tokyo Fuji University",
        "note": "National-Land Numerical Information (Public Facility) 2006, MLIT Japan",
        "note:ja": "国土数値情報（公共施設データ）平成19年　国土交通省",
        "source": "KSJ2",
        "source_ref": "http://nlftp.mlit.go.jp/ksj/jpgis/datalist/KsjTmplt-P02-v2_0.html",
        "wikidata": "Q3992303",
        "wikipedia": "ja:東京富士大学",
        "@geometry": "center"
      },
      "geometry": {
        "type": "Point",
        "coordinates": [
          139.7007326,
          35.7153695
        ]
      },
      "id": "way/45673892"
    },
    {
      "type": "Feature",
      "properties": {
        "@id": "way/46986520",
        "amenity": "university",
        "building": "yes",
        "education": "university",
        "name": "日本大学 法学部",
        "name:en": "Nihon University College of Law",
        "name:ja": "日本大学 法学部",
        "name:ja_rm": "Nihon Daigaku",
        "@geometry": "center"
      },
      "geometry": {
        "type": "Point",
        "coordinates": [
          139.7542466,
          35.6997244
        ]
      },
      "id": "way/46986520"
    },
    {
      "type": "Feature",
      "properties": {
        "@id": "way/49190263",
        "amenity": "university",
        "education": "university",
        "name": "成城大学",
        "name:en": "Seijo University",
        "name:ja": "成城大学",
        "note": "estimated",
        "wikidata": "Q587503",
        "wikipedia": "ja:成城大学",
        "@geometry": "center"
      },
      "geometry": {
        "type": "Point",
        "coordinates": [
          139.6010387,
          35.6419154
        ]
      },
      "id": "way/49190263"
    },
    {
      "type": "Feature",
      "properties": {
        "@id": "way/49320633",
        "addr:city": "八王子市",
        "addr:housenumber": "1723",
        "addr:neighbourhood": "2",
        "addr:postcode": "1920394",
        "addr:province": "東京都",
        "addr:quarter": "鑓水",
        "amenity": "university",
        "name": "多摩美術大学 八王子キャンパス",
        "name:en": "Tama Art University",
        "name:ja": "多摩美術大学",
        "note": "National-Land Numerical Information (Public Facility) 2006, MLIT Japan",
        "note:ja": "国土数値情報（公共施設データ）平成19年　国土交通省",
        "operator": "学校法人多摩美術大学",
        "source": "KSJ2;survey;Bing",
        "source_ref": "http://nlftp.mlit.go.jp/ksj/jpgis/datalist/KsjTmplt-P02-v2_0.html",
        "@geometry": "center"
      },
      "geometry": {
        "type": "Point",
        "coordinates": [
          139.348922,
          35.6111974
        ]
      },
      "id": "way/49320633"
    },
    {
      "type": "Feature",
      "properties": {
        "@id": "way/49334398",
        "amenity": "university",
        "name": "明星大学（人文学部）",
        "name:en": "Meisei University",
        "name:ja": "明星大学",
        "note": "National-Land Numerical Information (Public Facility) 2006, MLIT Japan",
        "note:ja": "国土数値情報（公共施設データ）平成19年　国土交通省",
        "source": "KSJ2",
        "source:ja": "国土画像情報（オルソ化空中写真）国土交通省",
        "source_ref": "http://nlftp.mlit.go.jp/ksj/jpgis/datalist/KsjTmplt-P02-v2_0.html",
        "wheelchair": "yes",
        "wikidata": "Q3551631",
        "wikipedia": "ja:明星大学",
        "@geometry": "center"
      },
      "geometry": {
        "type": "Point",
        "coordinates": [
          139.4082251,
          35.6444243
        ]
      },
      "id": "way/49334398"
    },
    {
      "type": "Feature",
      "properties": {
        "@id": "way/50806200",
        "amenity": "university",
        "education": "university",
        "name": "国士舘大学 梅ヶ丘キャンパス",
        "name:en": "Kokushikan University Umegaoka Campus",
        "name:ja": "国士舘大学 梅ヶ丘キャンパス",
        "note": "estimated",
        "@geometry": "center"
      },
      "geometry": {
        "type": "Point",
        "coordinates": [
          139.652194,
          35.649386
        ]
      },
      "id": "way/50806200"
    },
    {
      "type": "Feature",
      "properties": {
        "@id": "way/51552500",
        "amenity": "university",
        "education": "university",
        "name": "国際基督教大学",
        "name:en": "International Christian University",
        "wikidata": "Q1141728",
        "wikipedia": "ja:国際基督教大学",
        "@geometry": "center"
      },
      "geometry": {
        "type": "Point",
        "coordinates": [
          139.5287847,
          35.6863765
        ]
      },
      "id": "way/51552500"
    },
    {
      "type": "Feature",
      "properties": {
        "@id": "way/52980054",
        "amenity": "university",
        "education": "university",
        "name": "東京科学大学 湯島キャンパス",
        "name:en": "Institute of Science Tokyo - Yushima Campus",
        "name:ja": "東京科学大学 湯島キャンパス",
        "old_name": "東京医科歯科大学 湯島キャンパス",
        "old_name:en": "Tokyo Medical and Dental University - Yushima Campus",
        "old_name:ja": "東京医科歯科大学 湯島キャンパス",
        "website": "https://www.isct.ac.jp/",
        "wikidata": "Q116264906",
        "wikipedia": "ja:東京科学大学",
        "@geometry": "center"
      },
      "geometry": {
        "type": "Point",
        "coordinates": [
          139.7642881,
          35.7014957
        ]
      },
      "id": "way/52980054"
    },
    {
      "type": "Feature",
      "properties": {
        "@id": "way/55585706",
        "addr:city": "小平市",
        "addr:housenumber": "8-4",
        "addr:neighbourhood": "2丁目",
        "addr:postcode": "187-8578",
        "addr:province": "東京都",
        "addr:quarter": "花小金井南町",
        "amenity": "university",
        "email": "uao@kaetsu.ac.jp",
        "internet_access": "wlan",
        "internet_access:ssid": "kaetsu-univ",
        "layer": "-1",
        "name": "嘉悦大学",
        "name:en": "Kaetsu University",
        "name:zh": "嘉悦大学",
        "operator": "学校法人嘉悦学園",
        "phone": "+81 42-466-3711",
        "website": "https://www.kaetsu.ac.jp/",
        "wikidata": "Q11419401",
        "wikipedia": "ja:嘉悦大学",
        "@geometry": "center"
      },
      "geometry": {
        "type": "Point",
        "coordinates": [
          139.5158108,
          35.7207283
        ]
      },
      "id": "way/55585706"
    },
    {
      "type": "Feature",
      "properties": {
        "@id": "way/55896463",
        "amenity": "university",
        "education": "university",
        "emergency": "assembly_point",
        "emergency:type:unable_to_move": "yes",
        "name": "青山学院大学",
        "name:en": "Aoyama Gakuin University",
        "name:es": "Universidad Aoyama Gakuin",
        "name:ko": "아오야마가쿠인 대학",
        "source": "NRPB of MLIT Japan",
        "source:ja": "国土画像情報(オルソ化空中写真)国土計画局",
        "wheelchair": "limited",
        "wikidata": "Q616359",
        "wikipedia": "ja:青山学院大学",
        "@geometry": "center"
      },
      "geometry": {
        "type": "Point",
        "coordinates": [
          139.7103095,
          35.660551
        ]
      },
      "id": "way/55896463"
    },
    {
      "type": "Feature",
      "properties": {
        "@id": "way/56254054",
        "addr:block_number": "13",
        "addr:city": "練馬区",
        "addr:housenumber": "1",
        "addr:neighbourhood": "羽沢一丁目",
        "addr:postcode": "176-8521",
        "addr:province": "東京都",
        "amenity": "university",
        "branch": "江古田キャンパス",
        "name": "武蔵野音楽大学",
        "name:en": "Musashino Academia Musicae",
        "note": "National-Land Numerical Information (Public Facility) 2006, MLIT Japan",
        "note:ja": "国土数値情報（公共施設データ）平成19年　国土交通省",
        "operator": "武蔵野音楽学園",
        "operator:type": "private",
        "source": "KSJ2",
        "source_ref": "http://nlftp.mlit.go.jp/ksj/jpgis/datalist/KsjTmplt-P02-v2_0.html",
        "website": "https://www.musashino-music.ac.jp/",
        "wikidata": "Q845072",
        "@geometry": "center"
      },
      "geometry": {
        "type": "Point",
        "coordinates": [
          139.6721853,
          35.7414522
        ]
      },
      "id": "way/56254054"
    },
    {
      "type": "Feature",
      "properties": {
        "@id": "way/56672219",
        "amenity": "university",
        "layer": "-3",
        "name": "武蔵野大学",
        "name:en": "Musashino University",
        "name:ja": "武蔵野大学",
        "name:ja-Hira": "むさしのだいがく",
        "name:ja_rm": "Musashino Daigaku",
        "website": "https://www.musashino-u.ac.jp/",
        "wikidata": "Q6940182",
        "@geometry": "center"
      },
      "geometry": {
        "type": "Point",
        "coordinates": [
          139.5475081,
          35.7181708
        ]
      },
      "id": "way/56672219"
    },
    {
      "type": "Feature",
      "properties": {
        "@id": "way/57025700",
        "addr:block_number": "15",
        "addr:city": "港区",
        "addr:housenumber": "45",
        "addr:neighbourhood": "ニ丁目",
        "addr:postcode": "108-8345",
        "addr:province": "東京都",
        "addr:quarter": "三田",
        "amenity": "university",
        "education": "university",
        "name": "慶應義塾大学 - 三田キャンパス",
        "name:en": "Keio University - Mita Campus",
        "name:es": "Universidad de Keio - Campo Mita",
        "name:ja": "慶應義塾大学 - 三田キャンパス",
        "name:ko": "게이오기주쿠 대학 - 미타 캠퍼스",
        "operator": "慶應義塾大学",
        "operator:type": "private",
        "toilets:wheelchair": "yes",
        "website": "https://www.keio.ac.jp/ja/about/campus/mita.html",
        "wheelchair": "yes",
        "wikidata": "Q815432",
        "wikipedia": "ja:慶應義塾大学",
        "@geometry": "center"
      },
      "geometry": {
        "type": "Point",
        "coordinates": [
          139.7429517,
          35.649159
        ]
      },
      "id": "way/57025700"
    },
    {
      "type": "Feature",
      "properties": {
        "@id": "way/57785303",
        "amenity": "university",
        "name": "日本大学 医学部",
        "name:en": "Nihon University Medical School",
        "note": "National-Land Numerical Information (Public Facility) 2006, MLIT Japan",
        "note:ja": "国土数値情報（公共施設データ）平成19年　国土交通省",
        "source": "KSJ2",
        "source_ref": "http://nlftp.mlit.go.jp/ksj/jpgis/datalist/KsjTmplt-P02-v2_0.html",
        "@geometry": "center"
      },
      "geometry": {
        "type": "Point",
        "coordinates": [
          139.6910619,
          35.7492842
        ]
      },
      "id": "way/57785303"
    },
    {
      "type": "Feature",
      "properties": {
        "@id": "way/57786784",
        "amenity": "university",
        "check_date": "2025-03-18",
        "name": "日本大学 芸術学部",
        "name:en": "Nihon University College of Art",
        "name:ja": "日本大学 芸術学部",
        "note": "National-Land Numerical Information (Public Facility) 2006, MLIT Japan",
        "note:ja": "国土数値情報（公共施設データ）平成19年 国土交通省",
        "operator": "学校法人日本大学",
        "operator:type": "private",
        "short_name": "日藝",
        "source": "KSJ2",
        "source_ref": "http://nlftp.mlit.go.jp/ksj/jpgis/datalist/KsjTmplt-P02-v2_0.html",
        "website": "https://www.art.nihon-u.ac.jp/",
        "@geometry": "center"
      },
      "geometry": {
        "type": "Point",
        "coordinates": [
          139.6754689,
          35.7372922
        ]
      },
      "id": "way/57786784"
    },
    {
      "type": "Feature",
      "properties": {
        "@id": "way/58095927",
        "amenity": "university",
        "name": "東京聖栄大学",
        "phone": "03-3692-0211",
        "website": "https://www.tsc-05.ac.jp/",
        "wikidata": "Q7813984",
        "wikipedia": "ja:東京聖栄大学",
        "@geometry": "center"
      },
      "geometry": {
        "type": "Point",
        "coordinates": [
          139.8566748,
          35.7178727
        ]
      },
      "id": "way/58095927"
    },
    {
      "type": "Feature",
      "properties": {
        "@id": "way/58671126",
        "amenity": "university",
        "education": "university",
        "name": "東京農業大学",
        "name:en": "Tokyo University of Agriculture",
        "name:es": "Tokyo University of Agriculture",
        "name:ja": "東京農業大学",
        "wikidata": "Q909974",
        "wikipedia": "ja:東京農業大学",
        "@geometry": "center"
      },
      "geometry": {
        "type": "Point",
        "coordinates": [
          139.6322839,
          35.6416801
        ]
      },
      "id": "way/58671126"
    },
    {
      "type": "Feature",
      "properties": {
        "@id": "way/58672636",
        "amenity": "university",
        "education": "university",
        "name": "昭和女子大学",
        "name:en": "Showa Women's University",
        "name:ja": "昭和女子大学",
        "name:ja-Hira": "しょうわじょしだいがく",
        "name:ja_rm": "Shōwa Joshi Daigaku",
        "name:zh-Hant-HK": "昭和女子大學",
        "website": "https://frn.swu.ac.jp/",
        "wikidata": "Q861948",
        "wikipedia": "ja:昭和女子大学",
        "@geometry": "center"
      },
      "geometry": {
        "type": "Point",
        "coordinates": [
          139.6758227,
          35.6438164
        ]
      },
      "id": "way/58672636"
    },
    {
      "type": "Feature",
      "properties": {
        "@id": "way/60661170",
        "amenity": "university",
        "name": "一橋大学（小平国際キャンパス）",
        "@geometry": "center"
      },
      "geometry": {
        "type": "Point",
        "coordinates": [
          139.4744297,
          35.7196379
        ]
      },
      "id": "way/60661170"
    },
    {
      "type": "Feature",
      "properties": {
        "@id": "way/61294079",
        "amenity": "university",
        "name": "和光大学",
        "note": "rough outline",
        "wikidata": "Q6129517",
        "@geometry": "center"
      },
      "geometry": {
        "type": "Point",
        "coordinates": [
          139.4731958,
          35.5744264
        ]
      },
      "id": "way/61294079"
    },
    {
      "type": "Feature",
      "properties": {
        "@id": "way/62361589",
        "amenity": "university",
        "education": "university",
        "name": "東洋学園大学",
        "name:en": "Toyo Gakuen University",
        "name:ja": "東洋学園大学",
        "wikidata": "Q3551504",
        "wikimedia_commons": "Category:Toyo Gakuen University",
        "wikipedia": "ja:東洋学園大学",
        "@geometry": "center"
      },
      "geometry": {
        "type": "Point",
        "coordinates": [
          139.7575624,
          35.7046761
        ]
      },
      "id": "way/62361589"
    },
    {
      "type": "Feature",
      "properties": {
        "@id": "way/67113647",
        "amenity": "university",
        "education": "university",
        "name": "工学院大学",
        "name:en": "Kogakuin University",
        "name:es": "Universidad Kogakuin",
        "name:ja": "工学院大学",
        "name:ko": "고가쿠인 대학",
        "name:zh": "工学院大学",
        "toilets:wheelchair": "yes",
        "website": "https://www.kogakuin.ac.jp/",
        "wheelchair": "limited",
        "wikidata": "Q509250",
        "wikipedia": "ja:工学院大学",
        "@geometry": "center"
      },
      "geometry": {
        "type": "Point",
        "coordinates": [
          139.6956369,
          35.6904689
        ]
      },
      "id": "way/67113647"
    },
    {
      "type": "Feature",
      "properties": {
        "@id": "way/68327916",
        "amenity": "university",
        "name": "東京工芸大学 中野キャンパス",
        "source": "KSJ2",
        "source_ref": "http://nlftp.mlit.go.jp/ksj/jpgis/datalist/KsjTmplt-P02-v2_0.html",
        "@geometry": "center"
      },
      "geometry": {
        "type": "Point",
        "coordinates": [
          139.679712,
          35.6932429
        ]
      },
      "id": "way/68327916"
    },
    {
      "type": "Feature",
      "properties": {
        "@id": "way/70081967",
        "amenity": "university",
        "name": "青森大学 東京キャンパス",
        "wheelchair": "limited",
        "@geometry": "center"
      },
      "geometry": {
        "type": "Point",
        "coordinates": [
          139.8574716,
          35.6551278
        ]
      },
      "id": "way/70081967"
    },
    {
      "type": "Feature",
      "properties": {
        "@id": "way/75035101",
        "amenity": "university",
        "education": "university",
        "name": "東京農工大学",
        "name:ja": "東京農工大学",
        "wikidata": "Q1301275",
        "@geometry": "center"
      },
      "geometry": {
        "type": "Point",
        "coordinates": [
          139.4835859,
          35.6835455
        ]
      },
      "id": "way/75035101"
    },
    {
      "type": "Feature",
      "properties": {
        "@id": "way/76028866",
        "amenity": "university",
        "name": "玉川学園",
        "name:en": "Tamagawa University",
        "name:ja": "玉川学園",
        "wikidata": "Q7680536",
        "wikipedia": "ja:学校法人玉川学園",
        "@geometry": "center"
      },
      "geometry": {
        "type": "Point",
        "coordinates": [
          139.4686163,
          35.5680711
        ]
      },
      "id": "way/76028866"
    },
    {
      "type": "Feature",
      "properties": {
        "@id": "way/76050945",
        "amenity": "university",
        "name": "日本大学",
        "name:ja_rm": "Nihon Daigaku",
        "source": "Bing",
        "@geometry": "center"
      },
      "geometry": {
        "type": "Point",
        "coordinates": [
          139.629618,
          35.6629904
        ]
      },
      "id": "way/76050945"
    },
    {
      "type": "Feature",
      "properties": {
        "@id": "way/77043867",
        "amenity": "university",
        "name": "女子美術大学",
        "source": "Bing, 2007-03",
        "@geometry": "center"
      },
      "geometry": {
        "type": "Point",
        "coordinates": [
          139.6624155,
          35.6941263
        ]
      },
      "id": "way/77043867"
    },
    {
      "type": "Feature",
      "properties": {
        "@id": "way/89666354",
        "amenity": "university",
        "name": "武蔵大学",
        "name:en": "Musashi University",
        "note": "approximate",
        "wikidata": "Q1954006",
        "@geometry": "center"
      },
      "geometry": {
        "type": "Point",
        "coordinates": [
          139.6671771,
          35.7368653
        ]
      },
      "id": "way/89666354"
    },
    {
      "type": "Feature",
      "properties": {
        "@id": "way/90993451",
        "amenity": "university",
        "education": "university",
        "name": "国士舘大学 世田谷キャンパス",
        "name:en": "Kokushikan University Setagaya Campus",
        "name:ja": "国士舘大学 世田谷キャンパス",
        "note": "estimated",
        "@geometry": "center"
      },
      "geometry": {
        "type": "Point",
        "coordinates": [
          139.6535526,
          35.6478735
        ]
      },
      "id": "way/90993451"
    },
    {
      "type": "Feature",
      "properties": {
        "@id": "way/91010396",
        "alt_name": "駒沢大学;駒澤キャンパス",
        "amenity": "university",
        "education": "university",
        "name": "駒澤大学 駒澤校舎",
        "@geometry": "center"
      },
      "geometry": {
        "type": "Point",
        "coordinates": [
          139.6583577,
          35.6291747
        ]
      },
      "id": "way/91010396"
    },
    {
      "type": "Feature",
      "properties": {
        "@id": "way/91375751",
        "addr:block_number": "28",
        "addr:city": "世田谷区",
        "addr:housenumber": "1",
        "addr:neighbourhood": "玉堤一丁目",
        "addr:postcode": "158-8557",
        "addr:province": "東京都",
        "amenity": "university",
        "branch": "世田谷キャンパス",
        "education": "university",
        "fax": "+81-3-57072222",
        "name": "東京都市大学",
        "name:en": "Tokyo City University",
        "name:ja": "東京都市大学",
        "operator": "学校法人五島育英会",
        "phone": "+81-3-57070104",
        "source": "Bing 2010",
        "website": "https://www.tcu.ac.jp/",
        "wikidata": "Q7813855",
        "wikipedia": "ja:東京都市大学",
        "@geometry": "center"
      },
      "geometry": {
        "type": "Point",
        "coordinates": [
          139.65161,
          35.5981015
        ]
      },
      "id": "way/91375751"
    },
    {
      "type": "Feature",
      "properties": {
        "@id": "way/91585687",
        "amenity": "university",
        "education": "university",
        "name": "武蔵野美術大学",
        "name:ja": "武蔵野美術大学",
        "@geometry": "center"
      },
      "geometry": {
        "type": "Point",
        "coordinates": [
          139.5880335,
          35.707432
        ]
      },
      "id": "way/91585687"
    },
    {
      "type": "Feature",
      "properties": {
        "@id": "way/93066418",
        "amenity": "university",
        "name": "国士舘大学 町田キャンパス",
        "@geometry": "center"
      },
      "geometry": {
        "type": "Point",
        "coordinates": [
          139.4656843,
          35.5946607
        ]
      },
      "id": "way/93066418"
    },
    {
      "type": "Feature",
      "properties": {
        "@id": "way/94117018",
        "addr:block_number": "1",
        "addr:country": "JP",
        "addr:housenumber": "104",
        "addr:postcode": "169-0071",
        "addr:province": "東京都",
        "addr:quarter": "戸塚町",
        "addr:suburb": "新宿区",
        "amenity": "university",
        "building": "university",
        "education": "university",
        "historic": "building",
        "is_in:city": "Tokyo",
        "is_in:country": "Japan",
        "is_in:country_code": "JP",
        "is_in:iso_3166_2": "JP-13",
        "is_in:province": "Tokyo",
        "mapillary": "251044450091494",
        "name": "早稲田大学大隈記念講堂",
        "name:en": "Okuma Auditorium",
        "name:fr": "Auditorium Ōkuma",
        "name:ja": "大隈講堂",
        "name:ja-Hira": "おおくまこうどう",
        "name:ja_rm": "Ōkuma kōdō",
        "name:zh": "大隈講堂",
        "operator": "早稲田大学",
        "source": "Bing, 2007-04;streetlevel imagery",
        "start_date": "1927-10-20",
        "tourism": "attraction",
        "website": "https://www.waseda.jp/culture/facility/auditorium/",
        "wikidata": "Q2870807",
        "wikipedia": "ja:大隈講堂",
        "wikipedia:en": "Okuma Auditorium",
        "@geometry": "center"
      },
      "geometry": {
        "type": "Point",
        "coordinates": [
          139.721581,
          35.7089433
        ]
      },
      "id": "way/94117018"
    },
    {
      "type": "Feature",
      "properties": {
        "@id": "way/94515929",
        "amenity": "university",
        "education": "university",
        "name": "早稲田大学 66号館",
        "name:en": "Waseda University Shillman Hall",
        "source": "Bing, 2007-04",
        "@geometry": "center"
      },
      "geometry": {
        "type": "Point",
        "coordinates": [
          139.7086354,
          35.7071366
        ]
      },
      "id": "way/94515929"
    },
    {
      "type": "Feature",
      "properties": {
        "@id": "way/96368987",
        "addr:block_number": "53",
        "addr:city": "渋谷区",
        "addr:housenumber": "70",
        "addr:neighbourhood": "5丁目",
        "addr:postcode": "150-8925",
        "addr:province": "東京都",
        "addr:quarter": "神宮前",
        "amenity": "university",
        "assembly_point:unable_to_move": "yes",
        "building": "yes",
        "education": "university",
        "emergency": "assembly_point",
        "name": "国連大学",
        "name:ar": "جامعة الأمم المتحدة",
        "name:en": "United Nations University",
        "name:fr": "Université des Nations unies",
        "name:ja": "国連大学",
        "name:ru": "Университет Организации Объединенных Наций",
        "name:zh": "联合国大学",
        "source": "Bing, 2007-04",
        "website": "https://unu.edu/",
        "wheelchair": "yes",
        "wikidata": "Q492442",
        "wikipedia": "ja:国連大学",
        "@geometry": "center"
      },
      "geometry": {
        "type": "Point",
        "coordinates": [
          139.7081651,
          35.6625359
        ]
      },
      "id": "way/96368987"
    },
    {
      "type": "Feature",
      "properties": {
        "@id": "way/97367390",
        "amenity": "university",
        "name": "学習院大学",
        "name:en": "Gakushuin Schools",
        "name:ja": "学習院大学",
        "note": "estimated",
        "source": "Bing",
        "wikidata": "Q1372362",
        "wikipedia": "ja:学習院大学",
        "@geometry": "center"
      },
      "geometry": {
        "type": "Point",
        "coordinates": [
          139.7096253,
          35.7188479
        ]
      },
      "id": "way/97367390"
    },
    {
      "type": "Feature",
      "properties": {
        "@id": "way/98862303",
        "amenity": "university",
        "education": "university",
        "name": "東京富士大学本館",
        "name:en": "Tokyo Fuji University Main Building",
        "note": "estimated",
        "@geometry": "center"
      },
      "geometry": {
        "type": "Point",
        "coordinates": [
          139.7010666,
          35.7147903
        ]
      },
      "id": "way/98862303"
    },
    {
      "type": "Feature",
      "properties": {
        "@id": "way/100763439",
        "amenity": "university",
        "branch": "豊洲キャンパス",
        "education": "university",
        "name": "芝浦工業大学",
        "name:en": "Shibaura Institute of Technology",
        "name:es": "Instituto de tecnología Shibaura",
        "name:ja": "芝浦工業大学",
        "wikidata": "Q4614615",
        "wikipedia": "ja:芝浦工業大学",
        "@geometry": "center"
      },
      "geometry": {
        "type": "Point",
        "coordinates": [
          139.7950913,
          35.6604873
        ]
      },
      "id": "way/100763439"
    },
    {
      "type": "Feature",
      "properties": {
        "@id": "way/103425085",
        "amenity": "university",
        "education": "university",
        "name": "政策研究大学院大学",
        "name:en": "National Graduate Institute for Policy Studies",
        "name:ja": "政策研究大学院大学",
        "name:ko": "정책연구대학원대학",
        "name:zh": "政策研究大學院大學",
        "note": "National-Land Numerical Information (Public Facility) 2006, MLIT Japan",
        "note:ja": "国土数値情報（公共施設データ）平成19年　国土交通省",
        "source": "Bing,2007-04;KSJ2;survey",
        "source_ref": "http://nlftp.mlit.go.jp/ksj/jpgis/datalist/KsjTmplt-P02-v2_0.html",
        "wikidata": "Q2983850",
        "wikipedia": "ja:政策研究大学院大学",
        "@geometry": "center"
      },
      "geometry": {
        "type": "Point",
        "coordinates": [
          139.727131,
          35.6638035
        ]
      },
      "id": "way/103425085"
    },
    {
      "type": "Feature",
      "properties": {
        "@id": "way/109158340",
        "amenity": "university",
        "education": "university",
        "name": "白百合女子大学",
        "website": "https://www.shirayuri.ac.jp",
        "wikidata": "Q7498329",
        "wikipedia": "ja:白百合女子大学",
        "@geometry": "center"
      },
      "geometry": {
        "type": "Point",
        "coordinates": [
          139.5810166,
          35.6682151
        ]
      },
      "id": "way/109158340"
    },
    {
      "type": "Feature",
      "properties": {
        "@id": "way/119137845",
        "amenity": "university",
        "name": "国立音楽大学",
        "name:en": "Kunitachi College of Music",
        "note": "National-Land Numerical Information (Public Facility) 2006, MLIT Japan",
        "source": "KSJ2;Bing, 2007-04",
        "source_ref": "http://nlftp.mlit.go.jp/ksj/jpgis/datalist/KsjTmplt-P02-v2_0.html",
        "wikidata": "Q846116",
        "@geometry": "center"
      },
      "geometry": {
        "type": "Point",
        "coordinates": [
          139.4119924,
          35.732209
        ]
      },
      "id": "way/119137845"
    },
    {
      "type": "Feature",
      "properties": {
        "@id": "way/120030909",
        "amenity": "university",
        "fixme": "Please expand",
        "name": "駒沢女子大学",
        "wikidata": "Q6428231",
        "@geometry": "center"
      },
      "geometry": {
        "type": "Point",
        "coordinates": [
          139.4943532,
          35.6280977
        ]
      },
      "id": "way/120030909"
    },
    {
      "type": "Feature",
      "properties": {
        "@id": "way/120319113",
        "addr:block_number": "25",
        "addr:city": "世田谷区",
        "addr:housenumber": "40",
        "addr:neighbourhood": "桜上水三丁目",
        "addr:postcode": "156-8550",
        "addr:province": "東京都",
        "amenity": "university",
        "education": "university",
        "name": "日本大学 文理学部",
        "name:ja": "日本大学 文理学部",
        "website": "https://www.chs.nihon-u.ac.jp/",
        "@geometry": "center"
      },
      "geometry": {
        "type": "Point",
        "coordinates": [
          139.6346768,
          35.6624774
        ]
      },
      "id": "way/120319113"
    },
    {
      "type": "Feature",
      "properties": {
        "@id": "way/123698178",
        "addr:block_number": "9",
        "addr:city": "港区",
        "addr:housenumber": "1",
        "addr:neighbourhood": "5",
        "addr:province": "東京都",
        "addr:quarter": "白金",
        "amenity": "university",
        "building:floor": "14",
        "education": "university",
        "height": "70",
        "name": "北里研究所・北里大学",
        "wheelchair": "limited",
        "@geometry": "center"
      },
      "geometry": {
        "type": "Point",
        "coordinates": [
          139.7257639,
          35.6453015
        ]
      },
      "id": "way/123698178"
    },
    {
      "type": "Feature",
      "properties": {
        "@id": "way/125735272",
        "amenity": "university",
        "education": "university",
        "name": "東京海洋大学",
        "name:en": "Tokyo University of Marine Science And Technology",
        "name:ja": "東京海洋大学",
        "name:ja-Latn": "Tōkyō Kaiyō Daigaku",
        "wikidata": "Q1187433",
        "wikipedia": "ja:東京海洋大学",
        "@geometry": "center"
      },
      "geometry": {
        "type": "Point",
        "coordinates": [
          139.7923076,
          35.666714
        ]
      },
      "id": "way/125735272"
    },
    {
      "type": "Feature",
      "properties": {
        "@id": "way/131221746",
        "amenity": "university",
        "education": "university",
        "name": "桜美林大学 東京ひなたやまキャンパス",
        "operator": "学校法人桜美林学園",
        "start_date": "2020-04-01",
        "@geometry": "center"
      },
      "geometry": {
        "type": "Point",
        "coordinates": [
          139.4391021,
          35.5684154
        ]
      },
      "id": "way/131221746"
    },
    {
      "type": "Feature",
      "properties": {
        "@id": "way/135295872",
        "amenity": "university",
        "education": "university",
        "name": "東京女子体育大学",
        "wikidata": "Q11524726",
        "@geometry": "center"
      },
      "geometry": {
        "type": "Point",
        "coordinates": [
          139.4286677,
          35.6886161
        ]
      },
      "id": "way/135295872"
    },
    {
      "type": "Feature",
      "properties": {
        "@id": "way/142176853",
        "amenity": "university",
        "building": "roof",
        "layer": "1",
        "@geometry": "center"
      },
      "geometry": {
        "type": "Point",
        "coordinates": [
          139.382856,
          35.6199458
        ]
      },
      "id": "way/142176853"
    },
    {
      "type": "Feature",
      "properties": {
        "@id": "way/142276276",
        "amenity": "university",
        "name": "昭和薬科大学",
        "name:en": "Showa Pharmaceutical University",
        "name:ja": "昭和薬科大学",
        "source": "KSJ2;Bing",
        "wikidata": "Q7503107",
        "wikipedia": "ja:昭和薬科大学",
        "@geometry": "center"
      },
      "geometry": {
        "type": "Point",
        "coordinates": [
          139.4698408,
          35.5544873
        ]
      },
      "id": "way/142276276"
    },
    {
      "type": "Feature",
      "properties": {
        "@id": "way/144483549",
        "amenity": "university",
        "building": "yes",
        "building:levels": "16",
        "education": "university",
        "name": "二松学舎大学 九段1号館",
        "source": "Bing,2007-04",
        "wheelchair": "yes",
        "@geometry": "center"
      },
      "geometry": {
        "type": "Point",
        "coordinates": [
          139.7457366,
          35.692228
        ]
      },
      "id": "way/144483549"
    },
    {
      "type": "Feature",
      "properties": {
        "@id": "way/147429113",
        "addr:block_number": "1221",
        "addr:city": "横浜市",
        "addr:housenumber": "1",
        "addr:neighbourhood": "鴨志田町",
        "addr:province": "神奈川県",
        "addr:suburb": "青葉区",
        "amenity": "university",
        "contact:website": "http://www.nittai.ac.jp/",
        "name": "日本体育大学 横浜･健志台キャンパス",
        "name:en": "Nippon Sport Science University",
        "wikidata": "Q11507234",
        "wikipedia": "ja:日本体育大学",
        "@geometry": "center"
      },
      "geometry": {
        "type": "Point",
        "coordinates": [
          139.4979301,
          35.5613524
        ]
      },
      "id": "way/147429113"
    },
    {
      "type": "Feature",
      "properties": {
        "@id": "way/155934681",
        "addr:block_number": "104",
        "addr:city": "新宿区",
        "addr:neighbourhood": "戸塚町一丁目",
        "addr:postcode": "169-8050",
        "addr:province": "東京都",
        "alt_name": "早稲田大学26号館",
        "amenity": "university",
        "building": "university",
        "education": "university",
        "name": "大隈会館",
        "name:en": "Okuma Kaikan",
        "name:ja": "大隈会館",
        "name:zh": "大隈會館",
        "source": "Bing",
        "website": "https://www.waseda.jp/",
        "@geometry": "center"
      },
      "geometry": {
        "type": "Point",
        "coordinates": [
          139.7216406,
          35.7101144
        ]
      },
      "id": "way/155934681"
    },
    {
      "type": "Feature",
      "properties": {
        "@id": "way/156780021",
        "alt_name": "駒沢大学;深沢キャンパス",
        "amenity": "university",
        "education": "university",
        "name": "駒澤大学 深沢校舎",
        "@geometry": "center"
      },
      "geometry": {
        "type": "Point",
        "coordinates": [
          139.6547133,
          35.6250233
        ]
      },
      "id": "way/156780021"
    },
    {
      "type": "Feature",
      "properties": {
        "@id": "way/157488576",
        "amenity": "university",
        "education": "university",
        "name": "東京大学医科学研究所",
        "name:en": "Institute of Medical Science, the University of Tokyo",
        "name:ja": "東京大学医科学研究所",
        "wikidata": "Q4966421",
        "wikimedia_commons": "Category:Institute of Medical Science, University of Tokyo",
        "wikipedia": "ja:東京大学医科学研究所",
        "@geometry": "center"
      },
      "geometry": {
        "type": "Point",
        "coordinates": [
          139.7245687,
          35.6398525
        ]
      },
      "id": "way/157488576"
    },
    {
      "type": "Feature",
      "properties": {
        "@id": "way/158908092",
        "amenity": "university",
        "education": "university",
        "name": "東邦大学 （医学部）",
        "note": "National-Land Numerical Information (Public Facility) 2006, MLIT Japan",
        "note:ja": "国土数値情報（公共施設データ）平成19年　国土交通省",
        "source": "KSJ2",
        "source_ref": "http://nlftp.mlit.go.jp/ksj/jpgis/datalist/KsjTmplt-P02-v2_0.html",
        "@geometry": "center"
      },
      "geometry": {
        "type": "Point",
        "coordinates": [
          139.7247223,
          35.5707439
        ]
      },
      "id": "way/158908092"
    },
    {
      "type": "Feature",
      "properties": {
        "@id": "way/158985593",
        "amenity": "university",
        "branch": "上野毛キャンパス",
        "name": "多摩美術大学",
        "name:en": "Tama Art University",
        "name:es": "Universidad artística de Tama",
        "name:ja": "多摩美術大学",
        "wikidata": "Q1141980",
        "wikipedia": "ja:多摩美術大学",
        "@geometry": "center"
      },
      "geometry": {
        "type": "Point",
        "coordinates": [
          139.6362883,
          35.6140258
        ]
      },
      "id": "way/158985593"
    },
    {
      "type": "Feature",
      "properties": {
        "@id": "way/161272572",
        "amenity": "university",
        "int_name": "Hoshi University",
        "name": "星薬科大学",
        "name:en": "Hoshi University",
        "name:es": "Universidad Hoshi",
        "name:ja": "星薬科大学",
        "wikidata": "Q8192944",
        "wikipedia": "ja:星薬科大学",
        "@geometry": "center"
      },
      "geometry": {
        "type": "Point",
        "coordinates": [
          139.7113039,
          35.619101
        ]
      },
      "id": "way/161272572"
    },
    {
      "type": "Feature",
      "properties": {
        "@id": "way/161499587",
        "amenity": "university",
        "name": "東京家政大学",
        "name:en": "Tokyo Kasei University",
        "note": "National-Land Numerical Information (Public Facility) 2006, MLIT Japan",
        "note:ja": "国土数値情報（公共施設データ）平成19年 国土交通省",
        "source": "KSJ2",
        "source_ref": "http://nlftp.mlit.go.jp/ksj/jpgis/datalist/KsjTmplt-P02-v2_0.html",
        "wikidata": "Q7813917",
        "@geometry": "center"
      },
      "geometry": {
        "type": "Point",
        "coordinates": [
          139.7199278,
          35.7557535
        ]
      },
      "id": "way/161499587"
    },
    {
      "type": "Feature",
      "properties": {
        "@id": "way/161959856",
        "amenity": "university",
        "name": "津田塾大学小平キャンパス",
        "wheelchair": "limited",
        "@geometry": "center"
      },
      "geometry": {
        "type": "Point",
        "coordinates": [
          139.4664227,
          35.7220831
        ]
      },
      "id": "way/161959856"
    },
    {
      "type": "Feature",
      "properties": {
        "@id": "way/163558122",
        "amenity": "university",
        "building": "yes",
        "education": "university",
        "@geometry": "center"
      },
      "geometry": {
        "type": "Point",
        "coordinates": [
          139.7468481,
          35.6268023
        ]
      },
      "id": "way/163558122"
    },
    {
      "type": "Feature",
      "properties": {
        "@id": "way/163558131",
        "amenity": "university",
        "building": "yes",
        "education": "university",
        "@geometry": "center"
      },
      "geometry": {
        "type": "Point",
        "coordinates": [
          139.7474568,
          35.624178
        ]
      },
      "id": "way/163558131"
    },
    {
      "type": "Feature",
      "properties": {
        "@id": "way/163558133",
        "amenity": "university",
        "education": "university",
        "name": "東京海洋大学",
        "name:en": "Tokyo University of Marine Science and Technology",
        "wikidata": "Q1187433",
        "wikipedia": "ja:東京海洋大学",
        "@geometry": "center"
      },
      "geometry": {
        "type": "Point",
        "coordinates": [
          139.749239,
          35.6263962
        ]
      },
      "id": "way/163558133"
    },
    {
      "type": "Feature",
      "properties": {
        "@id": "way/163558135",
        "amenity": "university",
        "building": "yes",
        "education": "university",
        "name": "東京海洋大学博物館",
        "@geometry": "center"
      },
      "geometry": {
        "type": "Point",
        "coordinates": [
          139.7471384,
          35.6245856
        ]
      },
      "id": "way/163558135"
    },
    {
      "type": "Feature",
      "properties": {
        "@id": "way/163558137",
        "amenity": "university",
        "building": "yes",
        "education": "university",
        "@geometry": "center"
      },
      "geometry": {
        "type": "Point",
        "coordinates": [
          139.7469362,
          35.6266188
        ]
      },
      "id": "way/163558137"
    },
    {
      "type": "Feature",
      "properties": {
        "@id": "way/163558145",
        "amenity": "university",
        "building": "yes",
        "education": "university",
        "@geometry": "center"
      },
      "geometry": {
        "type": "Point",
        "coordinates": [
          139.7468402,
          35.6266143
        ]
      },
      "id": "way/163558145"
    },
    {
      "type": "Feature",
      "properties": {
        "@id": "way/164070375",
        "addr:block_number": "20",
        "addr:city": "三鷹市",
        "addr:housenumber": "2",
        "addr:neighbourhood": "新川六丁目",
        "addr:postcode": "181-0004",
        "addr:province": "東京都",
        "amenity": "university",
        "education": "university",
        "name": "杏林大学三鷹キャンパス",
        "operator": "学校法人杏林学園",
        "@geometry": "center"
      },
      "geometry": {
        "type": "Point",
        "coordinates": [
          139.5661465,
          35.677724
        ]
      },
      "id": "way/164070375"
    },
    {
      "type": "Feature",
      "properties": {
        "@id": "way/170232055",
        "amenity": "university",
        "education": "university",
        "source": "Bing",
        "wheelchair": "limited",
        "@geometry": "center"
      },
      "geometry": {
        "type": "Point",
        "coordinates": [
          139.7122528,
          35.6935506
        ]
      },
      "id": "way/170232055"
    },
    {
      "type": "Feature",
      "properties": {
        "@id": "way/170289584",
        "amenity": "university",
        "education": "university",
        "faculty": "engineering",
        "faculty:ja": "工学部",
        "name": "東京農工大学",
        "name:en": "Tokyo University of Agriculture and Technology",
        "@geometry": "center"
      },
      "geometry": {
        "type": "Point",
        "coordinates": [
          139.5178899,
          35.6995081
        ]
      },
      "id": "way/170289584"
    },
    {
      "type": "Feature",
      "properties": {
        "@id": "way/170290236",
        "amenity": "university",
        "education": "university",
        "name": "日本大学 商学部",
        "name:ja": "日本大学 商学部",
        "@geometry": "center"
      },
      "geometry": {
        "type": "Point",
        "coordinates": [
          139.609419,
          35.6355581
        ]
      },
      "id": "way/170290236"
    },
    {
      "type": "Feature",
      "properties": {
        "@id": "way/170407755",
        "amenity": "university",
        "branch": "東京・世田谷キャンパス",
        "name": "日本体育大学",
        "name:en": "Nippon Sport Science University",
        "name:ja": "日本体育大学",
        "wikidata": "Q11507234",
        "wikipedia": "ja:日本体育大学",
        "@geometry": "center"
      },
      "geometry": {
        "type": "Point",
        "coordinates": [
          139.6498687,
          35.6218566
        ]
      },
      "id": "way/170407755"
    },
    {
      "type": "Feature",
      "properties": {
        "@id": "way/170407773",
        "addr:block_number": "15",
        "addr:neighbourhood": "3丁目",
        "addr:quarter": "湯島",
        "amenity": "university",
        "building": "university",
        "building:levels": "5",
        "education": "university",
        "name": "日本薬科大学お茶の水キャンパス2号館",
        "name:en": "Nihon Pharmaceutical University Ochanomizu Campus Building 2",
        "source": "Bing",
        "@geometry": "center"
      },
      "geometry": {
        "type": "Point",
        "coordinates": [
          139.7685053,
          35.7049505
        ]
      },
      "id": "way/170407773"
    },
    {
      "type": "Feature",
      "properties": {
        "@id": "way/171215879",
        "amenity": "university",
        "building": "yes",
        "building:levels": "3",
        "education": "university",
        "name": "日本大学経済学部 7号館",
        "name:en": "Nihon University College of Economics Building 7",
        "name:ja": "日本大学経済学部 7号館",
        "source": "Bing",
        "@geometry": "center"
      },
      "geometry": {
        "type": "Point",
        "coordinates": [
          139.7551661,
          35.7004694
        ]
      },
      "id": "way/171215879"
    },
    {
      "type": "Feature",
      "properties": {
        "@id": "way/171477351",
        "amenity": "university",
        "building": "yes",
        "education": "university",
        "name": "日本大学経済学部 8号館",
        "name:en": "Nihon University College of Economics Building 8",
        "name:es": "Universidad de Nihon, Facultad de Economía, Edificio 8",
        "name:ja": "日本大学経済学部 8号館",
        "source": "Bing",
        "wheelchair": "yes",
        "@geometry": "center"
      },
      "geometry": {
        "type": "Point",
        "coordinates": [
          139.7579985,
          35.6999997
        ]
      },
      "id": "way/171477351"
    },
    {
      "type": "Feature",
      "properties": {
        "@id": "way/171477363",
        "amenity": "university",
        "education": "university",
        "name": "日本大学経済学部 3号館",
        "name:en": "Nihon University College of Economics Building 3",
        "name:ja": "日本大学経済学部 3号館",
        "source": "Bing",
        "@geometry": "center"
      },
      "geometry": {
        "type": "Point",
        "coordinates": [
          139.7569702,
          35.6989223
        ]
      },
      "id": "way/171477363"
    },
    {
      "type": "Feature",
      "properties": {
        "@id": "way/171480310",
        "amenity": "university",
        "building": "yes",
        "education": "university",
        "name": "明治大学 グローバルフロント",
        "name:en": "Meiji University Global Front",
        "name:es": "Universidad University, frente global",
        "name:ja": "明治大学 グローバルフロント",
        "source": "Bing",
        "@geometry": "center"
      },
      "geometry": {
        "type": "Point",
        "coordinates": [
          139.762207,
          35.6992687
        ]
      },
      "id": "way/171480310"
    },
    {
      "type": "Feature",
      "properties": {
        "@id": "way/175463006",
        "addr:block_number": "3",
        "addr:city": "葛飾区",
        "addr:housenumber": "1",
        "addr:neighbourhood": "新宿六丁目",
        "addr:postcode": "125-8585",
        "addr:province": "東京都",
        "amenity": "university",
        "name": "東京理科大学　葛飾キャンパス",
        "source": "take462",
        "@geometry": "center"
      },
      "geometry": {
        "type": "Point",
        "coordinates": [
          139.8631089,
          35.7716111
        ]
      },
      "id": "way/175463006"
    },
    {
      "type": "Feature",
      "properties": {
        "@id": "way/175993983",
        "amenity": "university",
        "building": "yes",
        "education": "university",
        "name": "日本大学法学部図書館",
        "name:en": "Library of Nihon University College of Law",
        "name:es": "Librería del Colegio de Leyes de la Universidad de Nihon",
        "name:ja": "日本大学法学部図書館",
        "@geometry": "center"
      },
      "geometry": {
        "type": "Point",
        "coordinates": [
          139.7546685,
          35.6992228
        ]
      },
      "id": "way/175993983"
    },
    {
      "type": "Feature",
      "properties": {
        "@id": "way/178582349",
        "amenity": "university",
        "name": "大東文化大学",
        "name:en": "Daito Bunka University",
        "name:ja": "大東文化大学",
        "name:ja-Hira": "だいとうぶんかだいがく",
        "name:ja_rm": "Daitō bunka daigaku",
        "source": "Bing 2010",
        "wikidata": "Q860574",
        "@geometry": "center"
      },
      "geometry": {
        "type": "Point",
        "coordinates": [
          139.667933,
          35.7820839
        ]
      },
      "id": "way/178582349"
    },
    {
      "type": "Feature",
      "properties": {
        "@id": "way/179082205",
        "amenity": "university",
        "education": "university",
        "name": "東京海洋大学",
        "name:en": "Tokyo University of Marine Science And Technology",
        "name:ja": "東京海洋大学",
        "name:ja-Latn": "Tōkyō Kaiyō Daigaku",
        "wikidata": "Q1187433",
        "wikipedia": "ja:東京海洋大学",
        "@geometry": "center"
      },
      "geometry": {
        "type": "Point",
        "coordinates": [
          139.7930942,
          35.6683917
        ]
      },
      "id": "way/179082205"
    },
    {
      "type": "Feature",
      "properties": {
        "@id": "way/179556246",
        "amenity": "university",
        "education": "university",
        "source": "image;Bing 2010",
        "@geometry": "center"
      },
      "geometry": {
        "type": "Point",
        "coordinates": [
          139.718999,
          35.6536384
        ]
      },
      "id": "way/179556246"
    },
    {
      "type": "Feature",
      "properties": {
        "@id": "way/179562477",
        "addr:block_number": "7",
        "addr:city": "千代田区",
        "addr:housenumber": "1",
        "addr:neighbourhood": "紀尾井町",
        "addr:postcode": "102-8554",
        "addr:province": "東京都",
        "amenity": "university",
        "education": "university",
        "name": "上智大学",
        "name:en": "Sophia University",
        "name:es": "Universidad Sofía",
        "name:ja": "上智大学",
        "name:ja_rm": "Jōchi Daigaku",
        "name:ko": "조치 대학",
        "name:zh": "上智大學",
        "operator": "学校法人上智学院",
        "source": "Bing 2010;survey",
        "website": "https://www.sophia.ac.jp",
        "wikidata": "Q1153094",
        "wikipedia": "ja:上智大学",
        "@geometry": "center"
      },
      "geometry": {
        "type": "Point",
        "coordinates": [
          139.7325948,
          35.6837186
        ]
      },
      "id": "way/179562477"
    },
    {
      "type": "Feature",
      "properties": {
        "@id": "way/179564710",
        "addr:block_number": "4",
        "addr:city": "千代田区",
        "addr:postcode": "102-0081",
        "addr:province": "東京都",
        "addr:quarter": "四番町",
        "amenity": "university",
        "education": "university",
        "name": "上智大学 市谷キャンパス",
        "name:en": "Sophia University Ichigaya Campus",
        "name:ja": "上智大学市谷キャンパス",
        "name:zh": "上智大學市谷校區",
        "operator": "学校法人上智学院",
        "source": "Bing 2010",
        "@geometry": "center"
      },
      "geometry": {
        "type": "Point",
        "coordinates": [
          139.7364955,
          35.6889593
        ]
      },
      "id": "way/179564710"
    },
    {
      "type": "Feature",
      "properties": {
        "@id": "way/179573972",
        "amenity": "university",
        "education": "university",
        "name": "日本歯科大学 （歯学部）",
        "name:en": "Nippon Dental University (Department of Dentistry)",
        "name:es": "Universidad Dental Nippon (Departamento de Odontología)",
        "name:zh": "日本齿科大学（齿学部）",
        "note": "National-Land Numerical Information (Public Facility) 2006, MLIT Japan",
        "note:ja": "国土数値情報（公共施設データ）平成19年　国土交通省",
        "source": "Bing 2010;KSJ2",
        "source_ref": "http://nlftp.mlit.go.jp/ksj/jpgis/datalist/KsjTmplt-P02-v2_0.html",
        "wikidata": "Q7754223",
        "wikipedia": "ja:日本歯科大学",
        "@geometry": "center"
      },
      "geometry": {
        "type": "Point",
        "coordinates": [
          139.7457409,
          35.6977232
        ]
      },
      "id": "way/179573972"
    },
    {
      "type": "Feature",
      "properties": {
        "@id": "way/179649117",
        "amenity": "university",
        "education": "university",
        "name": "大妻女子大学",
        "name:en": "Otsuma Women's University",
        "name:es": "Universidad de Mujeres de Otsuma",
        "source": "Bing 2010",
        "wikidata": "Q7109087",
        "wikipedia": "ja:大妻女子大学",
        "@geometry": "center"
      },
      "geometry": {
        "type": "Point",
        "coordinates": [
          139.7428446,
          35.690936
        ]
      },
      "id": "way/179649117"
    },
    {
      "type": "Feature",
      "properties": {
        "@id": "way/182674619",
        "amenity": "university",
        "education": "university",
        "@geometry": "center"
      },
      "geometry": {
        "type": "Point",
        "coordinates": [
          139.5715096,
          35.7114051
        ]
      },
      "id": "way/182674619"
    },
    {
      "type": "Feature",
      "properties": {
        "@id": "way/182676626",
        "amenity": "university",
        "education": "university",
        "name": "学校法人成蹊学園",
        "name:en": "Seikei Gakuen",
        "name:es": "Seikei Gakuen",
        "name:ja": "学校法人成蹊学園",
        "website": "https://www.seikei.ac.jp/gakuen/index.html",
        "wikidata": "Q11448508",
        "wikipedia": "ja:学校法人成蹊学園",
        "@geometry": "center"
      },
      "geometry": {
        "type": "Point",
        "coordinates": [
          139.5738108,
          35.7136154
        ]
      },
      "id": "way/182676626"
    },
    {
      "type": "Feature",
      "properties": {
        "@id": "way/182797564",
        "amenity": "university",
        "education": "university",
        "@geometry": "center"
      },
      "geometry": {
        "type": "Point",
        "coordinates": [
          139.5691333,
          35.7116469
        ]
      },
      "id": "way/182797564"
    },
    {
      "type": "Feature",
      "properties": {
        "@id": "way/182797565",
        "amenity": "university",
        "@geometry": "center"
      },
      "geometry": {
        "type": "Point",
        "coordinates": [
          139.5709734,
          35.7114481
        ]
      },
      "id": "way/182797565"
    },
    {
      "type": "Feature",
      "properties": {
        "@id": "way/184706306",
        "amenity": "university",
        "name": "東洋大学総合スポーツセンター",
        "@geometry": "center"
      },
      "geometry": {
        "type": "Point",
        "coordinates": [
          139.709384,
          35.7640818
        ]
      },
      "id": "way/184706306"
    },
    {
      "type": "Feature",
      "properties": {
        "@id": "way/188158811",
        "amenity": "university",
        "building": "yes",
        "education": "university",
        "name": "東京電機大学",
        "source": "Bing",
        "@geometry": "center"
      },
      "geometry": {
        "type": "Point",
        "coordinates": [
          139.7651479,
          35.6922054
        ]
      },
      "id": "way/188158811"
    },
    {
      "type": "Feature",
      "properties": {
        "@id": "way/188715669",
        "addr:block_number": "25",
        "addr:city": "足立区",
        "addr:housenumber": "1",
        "addr:neighbourhood": "千住一丁目",
        "addr:postcode": "120-0034",
        "addr:province": "東京都",
        "amenity": "university",
        "branch": "千住キャンパス",
        "fax": "+81-3-52841574",
        "name": "東京藝術大学",
        "name:en": "Tokyo University of the Arts",
        "name:ja": "東京藝術大学",
        "name:ja_rm": "Tokyo Geijutsu Daigaku",
        "operator": "東京藝術大学",
        "phone": "+81-50-55252727",
        "source": "Bing 2010;(URL)",
        "website": "https://www.geidai.ac.jp/",
        "wikipedia": "ja:東京芸術大学",
        "@geometry": "center"
      },
      "geometry": {
        "type": "Point",
        "coordinates": [
          139.8020848,
          35.7471423
        ]
      },
      "id": "way/188715669"
    },
    {
      "type": "Feature",
      "properties": {
        "@id": "way/189598472",
        "amenity": "university",
        "education": "university",
        "name": "東京都立大学 荒川キャンパス",
        "source": "Bing 2010",
        "@geometry": "center"
      },
      "geometry": {
        "type": "Point",
        "coordinates": [
          139.7728699,
          35.7502087
        ]
      },
      "id": "way/189598472"
    },
    {
      "type": "Feature",
      "properties": {
        "@id": "way/197634171",
        "amenity": "university",
        "name": "桜美林学園",
        "@geometry": "center"
      },
      "geometry": {
        "type": "Point",
        "coordinates": [
          139.4082046,
          35.5826021
        ]
      },
      "id": "way/197634171"
    },
    {
      "type": "Feature",
      "properties": {
        "@id": "way/197634172",
        "amenity": "university",
        "name": "桜美林学園",
        "wikidata": "Q1017656",
        "wikipedia": "ja:桜美林大学",
        "@geometry": "center"
      },
      "geometry": {
        "type": "Point",
        "coordinates": [
          139.4065794,
          35.5813481
        ]
      },
      "id": "way/197634172"
    },
    {
      "type": "Feature",
      "properties": {
        "@id": "way/197634173",
        "amenity": "university",
        "name": "桜美林学園",
        "@geometry": "center"
      },
      "geometry": {
        "type": "Point",
        "coordinates": [
          139.4096533,
          35.5818157
        ]
      },
      "id": "way/197634173"
    },
    {
      "type": "Feature",
      "properties": {
        "@id": "way/203722815",
        "amenity": "university",
        "building": "yes",
        "education": "university",
        "name": "芝浦工業大学",
        "source": "image,2013-01;Bing",
        "wheelchair": "limited",
        "@geometry": "center"
      },
      "geometry": {
        "type": "Point",
        "coordinates": [
          139.7496742,
          35.643389
        ]
      },
      "id": "way/203722815"
    },
    {
      "type": "Feature",
      "properties": {
        "@id": "way/206347744",
        "addr:block_number": "24",
        "addr:city": "武蔵野市",
        "addr:country": "JP",
        "addr:housenumber": "10",
        "addr:neighbourhood": "境五丁目",
        "addr:postcode": "180-8629",
        "addr:province": "東京都",
        "amenity": "university",
        "name": "亜細亜大学",
        "name:en": "Asia University",
        "name:ja": "亜細亜大学",
        "name:ja-Hira": "あじあだいがく",
        "name:ja-Latn": "Ajia Daigaku",
        "phone": "+81 0422-36-3241",
        "website": "https://www.asia-u.ac.jp/",
        "wikidata": "Q4402470",
        "wikipedia": "ja:亜細亜大学",
        "@geometry": "center"
      },
      "geometry": {
        "type": "Point",
        "coordinates": [
          139.5350888,
          35.7058682
        ]
      },
      "id": "way/206347744"
    },
    {
      "type": "Feature",
      "properties": {
        "@id": "way/207553120",
        "addr:block_number": "14",
        "addr:city": "世田谷区",
        "addr:housenumber": "29",
        "addr:neighbourhood": "太子堂一丁目",
        "addr:postcode": "154-0024",
        "addr:province": "東京都",
        "amenity": "university",
        "building:levels": "6",
        "check_date": "2024-09-16",
        "education": "university",
        "email": "tujinfo@tuj.temple.edu",
        "internet_access": "wlan",
        "internet_access:fee": "customers",
        "name": "Temple University, Japan Campus",
        "name:en": "Temple University, Japan Campus",
        "name:ja": "テンプル大学ジャパンキャンパス",
        "name:zh": "天普大學日本校區",
        "opening_hours": "Mo-Fr 07:00-23:00; Sa 07:30-19:00; Su 09:00-19:00",
        "phone": "+81-3-5441-9800",
        "website": "https://www.tuj.ac.jp/",
        "wheelchair": "yes",
        "wikidata": "Q7698685",
        "wikimedia_commons": "Category:Temple University, Japan Campus",
        "wikipedia": "en:Temple University, Japan Campus",
        "@geometry": "center"
      },
      "geometry": {
        "type": "Point",
        "coordinates": [
          139.6739327,
          35.6425331
        ]
      },
      "id": "way/207553120"
    },
    {
      "type": "Feature",
      "properties": {
        "@id": "way/208363577",
        "amenity": "university",
        "education": "university",
        "name": "東京海洋大学 排水処理施設",
        "@geometry": "center"
      },
      "geometry": {
        "type": "Point",
        "coordinates": [
          139.7469798,
          35.6250582
        ]
      },
      "id": "way/208363577"
    },
    {
      "type": "Feature",
      "properties": {
        "@id": "way/209161961",
        "addr:block_number": "3",
        "addr:city": "渋谷区",
        "addr:housenumber": "1",
        "addr:neighbourhood": "4丁目",
        "addr:postcode": "150-8938",
        "addr:province": "東京都",
        "addr:quarter": "広尾",
        "amenity": "university",
        "education": "university",
        "emergency": "assembly_point",
        "name": "聖心女子大学",
        "name:en": "University of the Sacred Heart",
        "name:es": "Universidad del Sagrado Corazón",
        "name:ja": "聖心女子大学",
        "name:ko": "성심여자대학",
        "name:pt": "Universidade do Sagrado Coração",
        "name:zh": "圣心女子大学",
        "operator": "学校法人聖心女子学院",
        "wikidata": "Q860278",
        "wikipedia": "ja:聖心女子大学",
        "@geometry": "center"
      },
      "geometry": {
        "type": "Point",
        "coordinates": [
          139.7196101,
          35.6521738
        ]
      },
      "id": "way/209161961"
    },
    {
      "type": "Feature",
      "properties": {
        "@id": "way/210425258",
        "addr:block_number": "12",
        "amenity": "university",
        "building": "yes",
        "education": "university",
        "name": "日本大学歯学部",
        "name:en": "Nihon University School of Dentistry",
        "name:ja": "日本大学歯学部",
        "source": "bing",
        "@geometry": "center"
      },
      "geometry": {
        "type": "Point",
        "coordinates": [
          139.76413,
          35.6984503
        ]
      },
      "id": "way/210425258"
    },
    {
      "type": "Feature",
      "properties": {
        "@id": "way/210687449",
        "amenity": "university",
        "construction": "education",
        "education": "university",
        "landuse": "construction",
        "name": "日本大学経済学部 2号館",
        "name:en": "Nihon University College of Economics Building 2",
        "@geometry": "center"
      },
      "geometry": {
        "type": "Point",
        "coordinates": [
          139.7564671,
          35.6997647
        ]
      },
      "id": "way/210687449"
    },
    {
      "type": "Feature",
      "properties": {
        "@id": "way/231664970",
        "amenity": "university",
        "building": "yes",
        "education": "university",
        "name": "日本大学理工学部御茶ノ水校舎",
        "name:en": "Faculty of Science and Technology (Nihon University Ochanomizu Campus)",
        "name:es": "Facultad de Ciencia y Tecnología (Campus Ochanomizu de la Universidad Nihon)",
        "source": "GSI/KIBAN 25000;NARO",
        "source_ref": "http://wiki.osm.org/wiki/GSI_KIBAN",
        "wikidata": "Q11263389",
        "wikimedia_commons": "Category:Otyanomizu Square",
        "wikipedia": "ja:お茶の水スクエア",
        "@geometry": "center"
      },
      "geometry": {
        "type": "Point",
        "coordinates": [
          139.7623579,
          35.6969
        ]
      },
      "id": "way/231664970"
    },
    {
      "type": "Feature",
      "properties": {
        "@id": "way/246287150",
        "amenity": "university",
        "education": "university",
        "@geometry": "center"
      },
      "geometry": {
        "type": "Point",
        "coordinates": [
          139.6538843,
          35.6463886
        ]
      },
      "id": "way/246287150"
    },
    {
      "type": "Feature",
      "properties": {
        "@id": "way/259674234",
        "amenity": "university",
        "branch": "教育学部",
        "layer": "-3",
        "name": "東京学芸大学",
        "name:en": "Tokyo Gakugei University",
        "name:ja": "東京学芸大学",
        "name:ja-Hira": "とうきょうがくげいだいがく",
        "name:ja_rm": "Tokyō Gakugei Daigaku",
        "wheelchair": "yes",
        "wikidata": "Q1190904",
        "wikipedia": "ja:東京学芸大学",
        "@geometry": "center"
      },
      "geometry": {
        "type": "Point",
        "coordinates": [
          139.4925316,
          35.7062479
        ]
      },
      "id": "way/259674234"
    },
    {
      "type": "Feature",
      "properties": {
        "@id": "way/260411904",
        "amenity": "university",
        "name": "東京経済大学 国分寺キャンパス",
        "@geometry": "center"
      },
      "geometry": {
        "type": "Point",
        "coordinates": [
          139.4899995,
          35.6991332
        ]
      },
      "id": "way/260411904"
    },
    {
      "type": "Feature",
      "properties": {
        "@id": "way/260912092",
        "alt_name": "駒沢大学;玉川キャンパス",
        "amenity": "university",
        "name": "駒沢大学 玉川校舎",
        "@geometry": "center"
      },
      "geometry": {
        "type": "Point",
        "coordinates": [
          139.6077577,
          35.6186948
        ]
      },
      "id": "way/260912092"
    },
    {
      "type": "Feature",
      "properties": {
        "@id": "node/267336512",
        "amenity": "university",
        "name": "東京薬科大学 (Tokyo University of Phamacy and Life Sciences)",
        "name:en": "Tokyo University of Phamacy and Life Sciences",
        "name:ja": "東京薬科大学",
        "wikidata": "Q7814017"
      },
      "geometry": {
        "type": "Point",
        "coordinates": [
          139.38474,
          35.6378172
        ]
      },
      "id": "node/267336512"
    },
    {
      "type": "Feature",
      "properties": {
        "@id": "way/276236815",
        "addr:city": "八王子市",
        "addr:postcode": "192-0354",
        "addr:province": "東京都",
        "addr:quarter": "松が谷1番地",
        "amenity": "university",
        "education": "university",
        "name": "デジタルハリウッド大学 八王子制作スタジオ",
        "operator": "デジタルハリウッド大学",
        "operator:type": "university",
        "website": "https://www.dhw.ac.jp/",
        "@geometry": "center"
      },
      "geometry": {
        "type": "Point",
        "coordinates": [
          139.4215962,
          35.6304687
        ]
      },
      "id": "way/276236815"
    },
    {
      "type": "Feature",
      "properties": {
        "@id": "way/279276777",
        "amenity": "university",
        "name": "多摩大学",
        "note": "National-Land Numerical Information (Public Facility) 2006, MLIT Japan",
        "note:ja": "国土数値情報（公共施設データ）平成19年　国土交通省",
        "source": "KSJ2",
        "source_ref": "http://nlftp.mlit.go.jp/ksj/jpgis/datalist/KsjTmplt-P02-v2_0.html",
        "wikidata": "Q7680514",
        "@geometry": "center"
      },
      "geometry": {
        "type": "Point",
        "coordinates": [
          139.4637953,
          35.6302571
        ]
      },
      "id": "way/279276777"
    },
    {
      "type": "Feature",
      "properties": {
        "@id": "way/281824145",
        "amenity": "university",
        "name": "東京医療学院大学",
        "@geometry": "center"
      },
      "geometry": {
        "type": "Point",
        "coordinates": [
          139.4295166,
          35.6116976
        ]
      },
      "id": "way/281824145"
    },
    {
      "type": "Feature",
      "properties": {
        "@id": "way/282486242",
        "amenity": "university",
        "name": "大妻女子大学",
        "@geometry": "center"
      },
      "geometry": {
        "type": "Point",
        "coordinates": [
          139.4050962,
          35.6120013
        ]
      },
      "id": "way/282486242"
    },
    {
      "type": "Feature",
      "properties": {
        "@id": "way/282626963",
        "amenity": "university",
        "name": "恵泉女学園大学",
        "wikidata": "Q6383857",
        "@geometry": "center"
      },
      "geometry": {
        "type": "Point",
        "coordinates": [
          139.4365694,
          35.6082004
        ]
      },
      "id": "way/282626963"
    },
    {
      "type": "Feature",
      "properties": {
        "@id": "way/317015602",
        "amenity": "university",
        "education": "university",
        "emergency": "assembly_point",
        "name": "東京大学 駒場Ⅰキャンパス",
        "name:en": "The University of Tokyo, Komaba Ⅰ Campus",
        "name:es": "Universidad de Tokio (Campus Komaba)",
        "name:ja": "東京大学 駒場Ⅰキャンパス",
        "wikidata": "Q7896466",
        "wikimedia_commons": "Category:Komaba Campus, the University of Tokyo",
        "wikipedia": "ja:東京大学駒場地区キャンパス",
        "@geometry": "center"
      },
      "geometry": {
        "type": "Point",
        "coordinates": [
          139.6852027,
          35.660624
        ]
      },
      "id": "way/317015602"
    },
    {
      "type": "Feature",
      "properties": {
        "@id": "way/330515524",
        "amenity": "university",
        "education": "university",
        "name": "早稲田大学東伏見キャンパス",
        "@geometry": "center"
      },
      "geometry": {
        "type": "Point",
        "coordinates": [
          139.5633031,
          35.7261186
        ]
      },
      "id": "way/330515524"
    },
    {
      "type": "Feature",
      "properties": {
        "@id": "way/352629471",
        "addr:postcode": "120-8551",
        "amenity": "university",
        "name": "東京電機大学 東京千住キャンパス",
        "name:en": "Tokyo Denki University Senju Campus",
        "website": "https://www.dendai.ac.jp/",
        "wikidata": "Q5972896",
        "wikipedia": "ja:東京電機大学",
        "@geometry": "center"
      },
      "geometry": {
        "type": "Point",
        "coordinates": [
          139.8065967,
          35.7480914
        ]
      },
      "id": "way/352629471"
    },
    {
      "type": "Feature",
      "properties": {
        "@id": "way/352846814",
        "amenity": "university",
        "name": "東京成徳大学",
        "name:en": "Tokyo Seitoku University",
        "note": "National-Land Numerical Information (Public Facility) 2006, MLIT Japan",
        "note:ja": "国土数値情報（公共施設データ）平成19年 国土交通省",
        "source": "KSJ2",
        "source_ref": "http://nlftp.mlit.go.jp/ksj/jpgis/datalist/KsjTmplt-P02-v2_0.html",
        "wikidata": "Q7813986",
        "@geometry": "center"
      },
      "geometry": {
        "type": "Point",
        "coordinates": [
          139.7246189,
          35.756462
        ]
      },
      "id": "way/352846814"
    },
    {
      "type": "Feature",
      "properties": {
        "@id": "way/360655177",
        "amenity": "university",
        "name": "Malvern College Tokyo",
        "@geometry": "center"
      },
      "geometry": {
        "type": "Point",
        "coordinates": [
          139.4884277,
          35.712778
        ]
      },
      "id": "way/360655177"
    },
    {
      "type": "Feature",
      "properties": {
        "@id": "way/369251093",
        "amenity": "university",
        "check_date": "2024-09-26",
        "education": "university",
        "name": "共立女子大学",
        "name:en": "Kyoritsu Women's University",
        "name:es": "Universidad femenina de Kyoritsu",
        "wikidata": "Q6452072",
        "wikipedia": "ja:共立女子大学",
        "@geometry": "center"
      },
      "geometry": {
        "type": "Point",
        "coordinates": [
          139.7574042,
          35.6933428
        ]
      },
      "id": "way/369251093"
    },
    {
      "type": "Feature",
      "properties": {
        "@id": "way/370278807",
        "amenity": "university",
        "education": "university",
        "name": "国際仏教学大学院大学",
        "name:en": "International College for Postgraduate Buddhist Studies",
        "name:es": "Colegio Internacional de Estudios Budistas de Postgrado",
        "@geometry": "center"
      },
      "geometry": {
        "type": "Point",
        "coordinates": [
          139.7410265,
          35.7115136
        ]
      },
      "id": "way/370278807"
    },
    {
      "type": "Feature",
      "properties": {
        "@id": "way/371475305",
        "amenity": "university",
        "name": "帝京大学",
        "name:en": "Teikyo University",
        "name:ja": "帝京大学",
        "website": "https://www.teikyo-u.ac.jp",
        "wikidata": "Q1287141",
        "wikipedia": "ja:帝京大学",
        "@geometry": "center"
      },
      "geometry": {
        "type": "Point",
        "coordinates": [
          139.4209788,
          35.6426888
        ]
      },
      "id": "way/371475305"
    },
    {
      "type": "Feature",
      "properties": {
        "@id": "way/371475306",
        "amenity": "university",
        "name": "帝京大学百草グラウンド",
        "@geometry": "center"
      },
      "geometry": {
        "type": "Point",
        "coordinates": [
          139.4245477,
          35.6481281
        ]
      },
      "id": "way/371475306"
    },
    {
      "type": "Feature",
      "properties": {
        "@id": "way/372669277",
        "addr:city": "千代田区",
        "addr:neighbourhood": "一ツ橋二丁目",
        "addr:province": "東京都",
        "amenity": "university",
        "@geometry": "center"
      },
      "geometry": {
        "type": "Point",
        "coordinates": [
          139.7563474,
          35.6938758
        ]
      },
      "id": "way/372669277"
    },
    {
      "type": "Feature",
      "properties": {
        "@id": "way/373357770",
        "amenity": "university",
        "education": "university",
        "name": "大妻女子大学",
        "name:en": "Otsuma Women's University",
        "name:es": "Universidad de Mujeres de Otsuma",
        "@geometry": "center"
      },
      "geometry": {
        "type": "Point",
        "coordinates": [
          139.7440037,
          35.6910874
        ]
      },
      "id": "way/373357770"
    },
    {
      "type": "Feature",
      "properties": {
        "@id": "way/373596916",
        "amenity": "university",
        "education": "university",
        "name": "中央大学",
        "name:en": "Chuo University",
        "name:es": "Universidad de Chuo",
        "name:ja": "中央大学",
        "wheelchair": "limited",
        "wikidata": "Q1091287",
        "wikipedia": "ja:中央大学",
        "@geometry": "center"
      },
      "geometry": {
        "type": "Point",
        "coordinates": [
          139.7488442,
          35.7084294
        ]
      },
      "id": "way/373596916"
    },
    {
      "type": "Feature",
      "properties": {
        "@id": "way/374040544",
        "amenity": "university",
        "building": "yes",
        "education": "university",
        "source": "Bing",
        "@geometry": "center"
      },
      "geometry": {
        "type": "Point",
        "coordinates": [
          139.7552965,
          35.7002084
        ]
      },
      "id": "way/374040544"
    },
    {
      "type": "Feature",
      "properties": {
        "@id": "way/374514954",
        "amenity": "university",
        "education": "university",
        "name": "明治大学",
        "name:ja_rm": "Meijidaigaku",
        "@geometry": "center"
      },
      "geometry": {
        "type": "Point",
        "coordinates": [
          139.7604452,
          35.6984412
        ]
      },
      "id": "way/374514954"
    },
    {
      "type": "Feature",
      "properties": {
        "@id": "way/379008946",
        "addr:block_number": "1556",
        "addr:city": "八王子市",
        "addr:neighbourhood": "宇津貫町",
        "addr:postcode": "192-0992",
        "addr:province": "東京都",
        "amenity": "university",
        "internet_access": "yes",
        "name": "東京造形大学",
        "name:en": "Tokyo Zokei University",
        "operator": "学校法人桑沢学園",
        "wheelchair": "yes",
        "wikidata": "Q7814036",
        "@geometry": "center"
      },
      "geometry": {
        "type": "Point",
        "coordinates": [
          139.3342137,
          35.6163247
        ]
      },
      "id": "way/379008946"
    },
    {
      "type": "Feature",
      "properties": {
        "@id": "way/379690421",
        "amenity": "university",
        "@geometry": "center"
      },
      "geometry": {
        "type": "Point",
        "coordinates": [
          139.5056073,
          35.7813738
        ]
      },
      "id": "way/379690421"
    },
    {
      "type": "Feature",
      "properties": {
        "@id": "way/380016073",
        "amenity": "university",
        "name": "東京経済大学 武蔵村山キャンパス",
        "@geometry": "center"
      },
      "geometry": {
        "type": "Point",
        "coordinates": [
          139.3953569,
          35.7445273
        ]
      },
      "id": "way/380016073"
    },
    {
      "type": "Feature",
      "properties": {
        "@id": "way/380180207",
        "addr:city": "八王子市",
        "addr:postcode": "192-0392",
        "amenity": "university",
        "check_date": "2025-12-07",
        "internet_access": "wlan",
        "internet_access:fee": "customers",
        "name": "東京薬科大学 八王子キャンパス",
        "name:en": "Tokyo University of Pharmacy and Life Sciences (Hachioji Campus)",
        "name:ja": "東京薬科大学 八王子キャンパス",
        "operator": "学校法人東京薬科大学",
        "website": "https://www.toyaku.ac.jp",
        "wikidata": "Q7814017",
        "wikipedia": "ja:東京薬科大学",
        "@geometry": "center"
      },
      "geometry": {
        "type": "Point",
        "coordinates": [
          139.3840353,
          35.6377903
        ]
      },
      "id": "way/380180207"
    },
    {
      "type": "Feature",
      "properties": {
        "@id": "way/382771749",
        "amenity": "university",
        "name": "工学院大学 犬目キャンパス",
        "name:ja": "工学院大学 犬目キャンパス",
        "source": "Bing 2013",
        "@geometry": "center"
      },
      "geometry": {
        "type": "Point",
        "coordinates": [
          139.3137598,
          35.6826506
        ]
      },
      "id": "way/382771749"
    },
    {
      "type": "Feature",
      "properties": {
        "@id": "way/398080433",
        "amenity": "university",
        "education": "university",
        "name": "明治学院大学（法学部）",
        "name:en": "Meiji Gakuin University",
        "name:es": "Universidad Meiji Gakuin",
        "wikidata": "Q1539129",
        "wikipedia": "ja:明治学院大学",
        "@geometry": "center"
      },
      "geometry": {
        "type": "Point",
        "coordinates": [
          139.7307766,
          35.637552
        ]
      },
      "id": "way/398080433"
    },
    {
      "type": "Feature",
      "properties": {
        "@id": "way/415712804",
        "addr:block_number": "476",
        "addr:city": "八王子市",
        "addr:neighbourhood": "宮下町",
        "addr:postcode": "192-8508",
        "addr:province": "東京都",
        "amenity": "university",
        "education": "university",
        "name": "杏林大学八王子キャンパス",
        "operator": "学校法人杏林学園",
        "@geometry": "center"
      },
      "geometry": {
        "type": "Point",
        "coordinates": [
          139.306502,
          35.7095154
        ]
      },
      "id": "way/415712804"
    },
    {
      "type": "Feature",
      "properties": {
        "@id": "way/415717325",
        "addr:block_number": "4",
        "addr:city": "三鷹市",
        "addr:housenumber": "1",
        "addr:neighbourhood": "下連雀五丁目",
        "addr:postcode": "181-8612",
        "addr:province": "東京都",
        "amenity": "university",
        "check_date": "2024-09-19",
        "education": "university",
        "name": "杏林大学井の頭キャンパス",
        "name:en": "Kyorin University",
        "operator": "学校法人杏林学園",
        "phone": "+81 422 47 8000",
        "@geometry": "center"
      },
      "geometry": {
        "type": "Point",
        "coordinates": [
          139.5700926,
          35.6853218
        ]
      },
      "id": "way/415717325"
    },
    {
      "type": "Feature",
      "properties": {
        "@id": "way/417438210",
        "amenity": "university",
        "education": "university",
        "name": "日本大学(三軒茶屋キャンパス)",
        "@geometry": "center"
      },
      "geometry": {
        "type": "Point",
        "coordinates": [
          139.6747932,
          35.6374944
        ]
      },
      "id": "way/417438210"
    },
    {
      "type": "Feature",
      "properties": {
        "@id": "way/417438231",
        "amenity": "university",
        "education": "university",
        "@geometry": "center"
      },
      "geometry": {
        "type": "Point",
        "coordinates": [
          139.675469,
          35.6380362
        ]
      },
      "id": "way/417438231"
    },
    {
      "type": "Feature",
      "properties": {
        "@id": "node/428007042",
        "amenity": "university",
        "education": "university",
        "name": "早稲田大学メディアネットワークセンター"
      },
      "geometry": {
        "type": "Point",
        "coordinates": [
          139.7228363,
          35.7091587
        ]
      },
      "id": "node/428007042"
    },
    {
      "type": "Feature",
      "properties": {
        "@id": "node/428022858",
        "amenity": "university",
        "education": "university",
        "name": "大隅記念タワー"
      },
      "geometry": {
        "type": "Point",
        "coordinates": [
          139.7214465,
          35.7084069
        ]
      },
      "id": "node/428022858"
    },
    {
      "type": "Feature",
      "properties": {
        "@id": "way/448910378",
        "amenity": "university",
        "education": "university",
        "name": "東京農工大学",
        "name:ja": "東京農工大学",
        "wikidata": "Q1301275",
        "@geometry": "center"
      },
      "geometry": {
        "type": "Point",
        "coordinates": [
          139.488432,
          35.6826582
        ]
      },
      "id": "way/448910378"
    },
    {
      "type": "Feature",
      "properties": {
        "@id": "way/460469549",
        "addr:block_number": "4",
        "addr:city": "文京区",
        "addr:housenumber": "1",
        "addr:neighbourhood": "大塚一丁目",
        "addr:postcode": "112-8631",
        "addr:province": "東京都",
        "amenity": "university",
        "education": "university",
        "name": "中央大学 茗荷谷キャンパス",
        "name:en": "Chuo University Myogadani Campus",
        "name:ja": "中央大学 茗荷谷キャンパス",
        "operator": "中央大学",
        "operator:type": "university",
        "start_date": "2023-04",
        "website": "https://www.chuo-u.ac.jp/",
        "wikidata": "Q1091287",
        "wikipedia": "ja:中央大学",
        "@geometry": "center"
      },
      "geometry": {
        "type": "Point",
        "coordinates": [
          139.7355984,
          35.7178178
        ]
      },
      "id": "way/460469549"
    },
    {
      "type": "Feature",
      "properties": {
        "@id": "way/467610338",
        "amenity": "university",
        "name": "桜美林学園",
        "@geometry": "center"
      },
      "geometry": {
        "type": "Point",
        "coordinates": [
          139.4091467,
          35.5828535
        ]
      },
      "id": "way/467610338"
    },
    {
      "type": "Feature",
      "properties": {
        "@id": "way/467610339",
        "amenity": "university",
        "name": "桜美林学園",
        "@geometry": "center"
      },
      "geometry": {
        "type": "Point",
        "coordinates": [
          139.4091279,
          35.5834596
        ]
      },
      "id": "way/467610339"
    },
    {
      "type": "Feature",
      "properties": {
        "@id": "way/467610340",
        "amenity": "university",
        "name": "桜美林学園",
        "@geometry": "center"
      },
      "geometry": {
        "type": "Point",
        "coordinates": [
          139.4070736,
          35.5848483
        ]
      },
      "id": "way/467610340"
    },
    {
      "type": "Feature",
      "properties": {
        "@id": "way/467610344",
        "amenity": "university",
        "name": "桜美林学園",
        "@geometry": "center"
      },
      "geometry": {
        "type": "Point",
        "coordinates": [
          139.4060047,
          35.5801161
        ]
      },
      "id": "way/467610344"
    },
    {
      "type": "Feature",
      "properties": {
        "@id": "way/467610346",
        "amenity": "university",
        "name": "桜美林学園",
        "name:ja": "桜美林学園",
        "@geometry": "center"
      },
      "geometry": {
        "type": "Point",
        "coordinates": [
          139.4044207,
          35.5802727
        ]
      },
      "id": "way/467610346"
    },
    {
      "type": "Feature",
      "properties": {
        "@id": "way/540408832",
        "addr:city": "中央区",
        "addr:province": "東京都",
        "amenity": "university",
        "education": "university",
        "name": "聖路加国際大学",
        "name:ja": "聖路加国際大学",
        "wheelchair": "yes",
        "wikidata": "Q7589772",
        "wikipedia": "ja:聖路加国際大学",
        "@geometry": "center"
      },
      "geometry": {
        "type": "Point",
        "coordinates": [
          139.7757033,
          35.6676922
        ]
      },
      "id": "way/540408832"
    },
    {
      "type": "Feature",
      "properties": {
        "@id": "way/543842106",
        "amenity": "university",
        "education": "university",
        "name": "明治大学",
        "@geometry": "center"
      },
      "geometry": {
        "type": "Point",
        "coordinates": [
          139.6469756,
          35.6714982
        ]
      },
      "id": "way/543842106"
    },
    {
      "type": "Feature",
      "properties": {
        "@id": "way/544872818",
        "addr:block_number": "51",
        "addr:housenumber": "4",
        "addr:neighbourhood": "2丁目",
        "addr:postcode": "170-8445",
        "amenity": "university",
        "branch": "池袋キャンパス",
        "branch:en": "Ikebukuro Campus",
        "branch:ja": "池袋キャンパス",
        "contact:instagram": "teikyoheisei_university",
        "name": "帝京平成大学",
        "name:en": "Teikyo Heisei University",
        "name:ja": "帝京平成大学",
        "name:ja-Hira": "ていきょうへいせいだいがく",
        "name:ja-Latn": "Teikyouheiseidaigaku",
        "phone": "03-5843-3111",
        "short_name": "提平;ていへい",
        "website": "https://www.thu.ac.jp",
        "wikidata": "Q4614539",
        "wikipedia": "ja:帝京平成大学",
        "@geometry": "center"
      },
      "geometry": {
        "type": "Point",
        "coordinates": [
          139.7192599,
          35.7329408
        ]
      },
      "id": "way/544872818"
    },
    {
      "type": "Feature",
      "properties": {
        "@id": "way/566098106",
        "amenity": "university",
        "name": "女子栄養大学 駒込キャンパス",
        "name:en": "Kagawa Nutrition University",
        "note": "National-Land Numerical Information (Public Facility) 2006, MLIT Japan",
        "note:ja": "国土数値情報（公共施設データ）平成19年 国土交通省",
        "operator": "学校法人香川栄養学園",
        "source": "KSJ2",
        "source_ref": "http://nlftp.mlit.go.jp/ksj/jpgis/datalist/KsjTmplt-P02-v2_0.html",
        "@geometry": "center"
      },
      "geometry": {
        "type": "Point",
        "coordinates": [
          139.7454045,
          35.7390405
        ]
      },
      "id": "way/566098106"
    },
    {
      "type": "Feature",
      "properties": {
        "@id": "way/566257384",
        "amenity": "university",
        "name": "大正大学",
        "name:en": "Taisho University",
        "note": "National-Land Numerical Information (Public Facility) 2006, MLIT Japan",
        "note:ja": "国土数値情報（公共施設データ）平成19年　国土交通省",
        "source": "KSJ2",
        "source_ref": "http://nlftp.mlit.go.jp/ksj/jpgis/datalist/KsjTmplt-P02-v2_0.html",
        "wikidata": "Q912375",
        "@geometry": "center"
      },
      "geometry": {
        "type": "Point",
        "coordinates": [
          139.7277806,
          35.7424374
        ]
      },
      "id": "way/566257384"
    },
    {
      "type": "Feature",
      "properties": {
        "@id": "way/566318300",
        "addr:block_number": "16",
        "addr:city": "品川区",
        "addr:housenumber": "21",
        "addr:neighbourhood": "東五反田三丁目",
        "addr:postcode": "141-8642",
        "addr:province": "東京都",
        "amenity": "university",
        "education": "university",
        "name": "清泉女子大学",
        "website": "https://www.seisen-u.ac.jp",
        "wikidata": "Q11561246",
        "wikipedia": "ja:清泉女子大学",
        "@geometry": "center"
      },
      "geometry": {
        "type": "Point",
        "coordinates": [
          139.7287542,
          35.6272735
        ]
      },
      "id": "way/566318300"
    },
    {
      "type": "Feature",
      "properties": {
        "@id": "way/566330559",
        "amenity": "university",
        "check_date": "2024-12-05",
        "education": "university",
        "name": "東京医療保健大学五反田キャンパス",
        "@geometry": "center"
      },
      "geometry": {
        "type": "Point",
        "coordinates": [
          139.7264252,
          35.631481
        ]
      },
      "id": "way/566330559"
    },
    {
      "type": "Feature",
      "properties": {
        "@id": "node/571755079",
        "amenity": "university",
        "education": "university",
        "name": "早稲田大学西早稲田キャンパス",
        "name:en": "Waseda University Nishi-Waseda Canpus"
      },
      "geometry": {
        "type": "Point",
        "coordinates": [
          139.7076404,
          35.7060256
        ]
      },
      "id": "node/571755079"
    },
    {
      "type": "Feature",
      "properties": {
        "@id": "way/575505286",
        "amenity": "university",
        "assembly_point:unable_to_move": "yes",
        "education": "university",
        "emergency": "assembly_point",
        "name": "文化学園大学",
        "name:en": "Bunka Gakuen University",
        "name:es": "Universidad Bunka Gakuen",
        "name:ja": "文化学園大学",
        "name:ko": "문화학원대학",
        "name:zh": "文化学园大学",
        "wikidata": "Q4997733",
        "wikipedia": "ja:文化学園大学",
        "@geometry": "center"
      },
      "geometry": {
        "type": "Point",
        "coordinates": [
          139.6945198,
          35.6857074
        ]
      },
      "id": "way/575505286"
    },
    {
      "type": "Feature",
      "properties": {
        "@id": "way/597200868",
        "amenity": "university",
        "education": "university",
        "name": "法政大学 多摩キャンパス",
        "operator": "学校法人法政大学",
        "@geometry": "center"
      },
      "geometry": {
        "type": "Point",
        "coordinates": [
          139.296469,
          35.6155386
        ]
      },
      "id": "way/597200868"
    },
    {
      "type": "Feature",
      "properties": {
        "@id": "way/607884492",
        "amenity": "university",
        "name": "武蔵野音楽大学 桜台学舎",
        "@geometry": "center"
      },
      "geometry": {
        "type": "Point",
        "coordinates": [
          139.6607866,
          35.7457727
        ]
      },
      "id": "way/607884492"
    },
    {
      "type": "Feature",
      "properties": {
        "@id": "way/608190043",
        "amenity": "university",
        "@geometry": "center"
      },
      "geometry": {
        "type": "Point",
        "coordinates": [
          139.7110603,
          35.6206023
        ]
      },
      "id": "way/608190043"
    },
    {
      "type": "Feature",
      "properties": {
        "@id": "way/617841973",
        "amenity": "university",
        "education": "university",
        "name": "東京有明医療大学",
        "name:en": "Tokyo Ariake University of Medical and Health Sciences",
        "wikidata": "Q11524915",
        "wikimedia_commons": "Category:Tokyo Ariake University of Medical and Health Sciences",
        "wikipedia": "ja:東京有明医療大学",
        "@geometry": "center"
      },
      "geometry": {
        "type": "Point",
        "coordinates": [
          139.7967889,
          35.6416266
        ]
      },
      "id": "way/617841973"
    },
    {
      "type": "Feature",
      "properties": {
        "@id": "way/620423977",
        "amenity": "university",
        "name": "川村学園女子大学 （人間文化学部）",
        "name:en": "Kawamura Gakuen Woman's University",
        "note": "National-Land Numerical Information (Public Facility) 2006, MLIT Japan",
        "note:ja": "国土数値情報（公共施設データ）平成19年　国土交通省",
        "source": "KSJ2",
        "source_ref": "http://nlftp.mlit.go.jp/ksj/jpgis/datalist/KsjTmplt-P02-v2_0.html",
        "wikidata": "Q11478765",
        "wikipedia": "ja:川村学園女子大学",
        "@geometry": "center"
      },
      "geometry": {
        "type": "Point",
        "coordinates": [
          139.708438,
          35.7218122
        ]
      },
      "id": "way/620423977"
    },
    {
      "type": "Feature",
      "properties": {
        "@id": "way/620838189",
        "addr:block_number": "4",
        "addr:city": "文京区",
        "addr:housenumber": "14",
        "addr:neighbourhood": "小日向三丁目",
        "addr:postcode": "112-8585",
        "addr:province": "東京都",
        "amenity": "university",
        "education": "university",
        "name": "拓殖大学 文京キャンパス",
        "name:en": "Takushoku University Bunkyo Campus",
        "name:ja": "拓殖大学 文京キャンパス",
        "note": "National-Land Numerical Information (Public Facility) 2006, MLIT Japan",
        "note:ja": "国土数値情報（公共施設データ）平成19年　国土交通省",
        "operator": "学校法人拓殖大学",
        "operator:type": "private",
        "source": "KSJ2",
        "source_ref": "http://nlftp.mlit.go.jp/ksj/jpgis/datalist/KsjTmplt-P02-v2_0.html",
        "website": "https://www.takushoku-u.ac.jp/",
        "wikidata": "Q534845",
        "wikipedia": "ja:拓殖大学",
        "@geometry": "center"
      },
      "geometry": {
        "type": "Point",
        "coordinates": [
          139.7363193,
          35.7152934
        ]
      },
      "id": "way/620838189"
    },
    {
      "type": "Feature",
      "properties": {
        "@id": "way/620838225",
        "addr:block_number": "1",
        "addr:city": "文京区",
        "addr:housenumber": "1",
        "addr:neighbourhood": "大塚二丁目",
        "addr:postcode": "112-8610",
        "addr:province": "東京都",
        "amenity": "university",
        "education": "university",
        "level": "0",
        "name": "お茶の水女子大学",
        "name:en": "Ochanomizu University",
        "name:es": "Universidad de Ochanomizu",
        "name:zh": "御茶水女子大学",
        "operator": "国立大学法人お茶の水女子大学",
        "website": "https://www.ocha.ac.jp/",
        "wikidata": "Q1152391",
        "wikipedia": "ja:お茶の水女子大学",
        "@geometry": "center"
      },
      "geometry": {
        "type": "Point",
        "coordinates": [
          139.7312558,
          35.7186359
        ]
      },
      "id": "way/620838225"
    },
    {
      "type": "Feature",
      "properties": {
        "@id": "way/620838246",
        "amenity": "university",
        "name": "日本女子大学",
        "name:en": "Japan Women's University",
        "name:es": "Universidad Femenina de Japón",
        "name:ja": "日本女子大学",
        "name:ja-Latn": "Nihon joshi daigaku",
        "wikidata": "Q1143226",
        "wikipedia": "ja:日本女子大学",
        "@geometry": "center"
      },
      "geometry": {
        "type": "Point",
        "coordinates": [
          139.7205454,
          35.7169382
        ]
      },
      "id": "way/620838246"
    },
    {
      "type": "Feature",
      "properties": {
        "@id": "way/637675634",
        "amenity": "university",
        "name": "杉野服飾大学 日野キャンパス",
        "name:en": "Sugino Fashion College (Hino Campus)",
        "name:ja": "杉野服飾大学 日野キャンパス",
        "website": "https://www.sugino-fc.ac.jp",
        "wikidata": "Q7635119",
        "wikipedia": "ja:杉野服飾大学",
        "@geometry": "center"
      },
      "geometry": {
        "type": "Point",
        "coordinates": [
          139.4230675,
          35.6475928
        ]
      },
      "id": "way/637675634"
    },
    {
      "type": "Feature",
      "properties": {
        "@id": "way/637807882",
        "amenity": "university",
        "name": "中央大学",
        "name:en": "Chuo University",
        "name:ja": "中央大学",
        "website": "https://www.chuo-u.ac.jp",
        "wikidata": "Q1091287",
        "wikipedia": "ja:中央大学",
        "@geometry": "center"
      },
      "geometry": {
        "type": "Point",
        "coordinates": [
          139.40329,
          35.6404421
        ]
      },
      "id": "way/637807882"
    },
    {
      "type": "Feature",
      "properties": {
        "@id": "way/641198155",
        "amenity": "university",
        "name": "東京工芸大学 芸術情報館",
        "@geometry": "center"
      },
      "geometry": {
        "type": "Point",
        "coordinates": [
          139.6803947,
          35.6926216
        ]
      },
      "id": "way/641198155"
    },
    {
      "type": "Feature",
      "properties": {
        "@id": "way/641198165",
        "amenity": "university",
        "name": "東京工芸大学 中野キャンパス 3号館",
        "@geometry": "center"
      },
      "geometry": {
        "type": "Point",
        "coordinates": [
          139.6782272,
          35.6918953
        ]
      },
      "id": "way/641198165"
    },
    {
      "type": "Feature",
      "properties": {
        "@id": "way/651667033",
        "amenity": "university",
        "education": "university",
        "name": "こども教育宝仙大学",
        "note": "National-Land Numerical Information (Public Facility) 2006, MLIT Japan",
        "note:ja": "国土数値情報（公共施設データ）平成19年　国土交通省",
        "source": "KSJ2",
        "source_ref": "http://nlftp.mlit.go.jp/ksj/jpgis/datalist/KsjTmplt-P02-v2_0.html",
        "wikidata": "Q11266589",
        "wikipedia": "ja:こども教育宝仙大学",
        "@geometry": "center"
      },
      "geometry": {
        "type": "Point",
        "coordinates": [
          139.678585,
          35.6997373
        ]
      },
      "id": "way/651667033"
    },
    {
      "type": "Feature",
      "properties": {
        "@id": "way/653691235",
        "amenity": "university",
        "name": "上智大学 目白聖母キャンパス",
        "name:en": "Sophia University",
        "name:ja": "上智大学",
        "source": "KSJ2",
        "source_ref": "http://nlftp.mlit.go.jp/ksj/jpgis/datalist/KsjTmplt-P02-v2_0.html",
        "@geometry": "center"
      },
      "geometry": {
        "type": "Point",
        "coordinates": [
          139.6948635,
          35.7209035
        ]
      },
      "id": "way/653691235"
    },
    {
      "type": "Feature",
      "properties": {
        "@id": "way/656916272",
        "addr:block_number": "42",
        "addr:city": "豊島区",
        "addr:housenumber": "31",
        "addr:neighbourhood": "4",
        "addr:province": "東京都",
        "addr:quarter": "東池袋",
        "amenity": "university",
        "building:levels": "22",
        "height": "102.26",
        "layer": "1",
        "name": "東京国際大学 池袋キャンパス",
        "note": "2023年9月開校予定",
        "source": "survey",
        "@geometry": "center"
      },
      "geometry": {
        "type": "Point",
        "coordinates": [
          139.7216251,
          35.7282304
        ]
      },
      "id": "way/656916272"
    },
    {
      "type": "Feature",
      "properties": {
        "@id": "way/661384511",
        "amenity": "university",
        "assembly_point:unable_to_move": "yes",
        "education": "university",
        "emergency": "assembly_point",
        "name": "國學院大學",
        "name:en": "Kokugakuin University",
        "name:es": "Universidad Kokugakuin",
        "wikidata": "Q495330",
        "wikipedia": "ja:國學院大學",
        "@geometry": "center"
      },
      "geometry": {
        "type": "Point",
        "coordinates": [
          139.7118704,
          35.655555
        ]
      },
      "id": "way/661384511"
    },
    {
      "type": "Feature",
      "properties": {
        "@id": "way/663148048",
        "amenity": "university",
        "education": "university",
        "name": "東京家政学院大学",
        "name:en": "Tokyo Kasei Gakuin University",
        "name:ja": "東京家政学院大学",
        "@geometry": "center"
      },
      "geometry": {
        "type": "Point",
        "coordinates": [
          139.3111196,
          35.6095272
        ]
      },
      "id": "way/663148048"
    },
    {
      "type": "Feature",
      "properties": {
        "@id": "way/667819835",
        "amenity": "university",
        "name": "帝京大学",
        "name:en": "Teikyo University (Medical School / Faculty of Medical Technologies / Faculty of Medicine)",
        "name:ja": "帝京大学 医学部 医療技術学部 薬学部",
        "note": "National-Land Numerical Information (Public Facility) 2006, MLIT Japan",
        "note:ja": "国土数値情報（公共施設データ）平成19年　国土交通省",
        "source": "KSJ2",
        "source_ref": "http://nlftp.mlit.go.jp/ksj/jpgis/datalist/KsjTmplt-P02-v2_0.html",
        "wikidata": "Q1287141",
        "@geometry": "center"
      },
      "geometry": {
        "type": "Point",
        "coordinates": [
          139.714556,
          35.7595131
        ]
      },
      "id": "way/667819835"
    },
    {
      "type": "Feature",
      "properties": {
        "@id": "way/674834827",
        "amenity": "university",
        "name": "拓殖大学 八王子国際キャンパス",
        "name:en": "Takushoku University - Hachiōji Campus",
        "name:es": "Universidad de Takushoku - Campus Hachiōji",
        "operator": "拓殖大学",
        "wikidata": "Q534845",
        "wikipedia": "ja:拓殖大学",
        "@geometry": "center"
      },
      "geometry": {
        "type": "Point",
        "coordinates": [
          139.2811167,
          35.6278949
        ]
      },
      "id": "way/674834827"
    },
    {
      "type": "Feature",
      "properties": {
        "@id": "way/686070438",
        "amenity": "university",
        "education": "university",
        "name": "東京慈恵会医科大学国領キャンパス",
        "operator": "東京慈恵会医科大学",
        "@geometry": "center"
      },
      "geometry": {
        "type": "Point",
        "coordinates": [
          139.5660964,
          35.6455998
        ]
      },
      "id": "way/686070438"
    },
    {
      "type": "Feature",
      "properties": {
        "@id": "way/687765353",
        "amenity": "university",
        "brand": "東海大学",
        "brand:website": "https://www.u-tokai.ac.jp",
        "brand:wikidata": "Q963709",
        "brand:wikipedia": "ja:東海大学",
        "education": "university",
        "name": "東海大学 品川キャンパス",
        "old_name": "東海大学 高輪キャンパス",
        "operator": "学校法人東海大学",
        "operator:type": "private",
        "operator:wikidata": "Q11448576",
        "website": "https://www.u-tokai.ac.jp/about/campus/campus-shinagawa/",
        "wikidata": "Q122764081",
        "@geometry": "center"
      },
      "geometry": {
        "type": "Point",
        "coordinates": [
          139.7345656,
          35.6378737
        ]
      },
      "id": "way/687765353"
    },
    {
      "type": "Feature",
      "properties": {
        "@id": "way/689415342",
        "amenity": "university",
        "name": "武蔵野大学有明キャンパス",
        "name:en": "Musashino University",
        "name:es": "Universidad de Musashino",
        "wikidata": "Q6940182",
        "wikipedia": "ja:武蔵野大学",
        "@geometry": "center"
      },
      "geometry": {
        "type": "Point",
        "coordinates": [
          139.7864941,
          35.6310353
        ]
      },
      "id": "way/689415342"
    },
    {
      "type": "Feature",
      "properties": {
        "@id": "way/693525799",
        "amenity": "university",
        "name": "文教大学（東京あだちキャンパス）",
        "@geometry": "center"
      },
      "geometry": {
        "type": "Point",
        "coordinates": [
          139.8051934,
          35.807636
        ]
      },
      "id": "way/693525799"
    },
    {
      "type": "Feature",
      "properties": {
        "@id": "way/698738247",
        "amenity": "university",
        "name": "東京未来大学 六町グラウンド",
        "operator": "学校法人三幸学園",
        "@geometry": "center"
      },
      "geometry": {
        "type": "Point",
        "coordinates": [
          139.8259709,
          35.7866865
        ]
      },
      "id": "way/698738247"
    },
    {
      "type": "Feature",
      "properties": {
        "@id": "way/710288343",
        "amenity": "university",
        "name": "帝京科学大学千住キャンパス",
        "@geometry": "center"
      },
      "geometry": {
        "type": "Point",
        "coordinates": [
          139.7937041,
          35.7485999
        ]
      },
      "id": "way/710288343"
    },
    {
      "type": "Feature",
      "properties": {
        "@id": "way/710596666",
        "amenity": "university",
        "name": "東京電機大学 東京千住アネックス",
        "@geometry": "center"
      },
      "geometry": {
        "type": "Point",
        "coordinates": [
          139.8075962,
          35.750795
        ]
      },
      "id": "way/710596666"
    },
    {
      "type": "Feature",
      "properties": {
        "@id": "way/710723191",
        "amenity": "university",
        "name": "帝京科学大学千住キャンパス",
        "@geometry": "center"
      },
      "geometry": {
        "type": "Point",
        "coordinates": [
          139.7917959,
          35.7518146
        ]
      },
      "id": "way/710723191"
    },
    {
      "type": "Feature",
      "properties": {
        "@id": "way/710723200",
        "amenity": "university",
        "name": "帝京科学大学千住キャンパス",
        "@geometry": "center"
      },
      "geometry": {
        "type": "Point",
        "coordinates": [
          139.7895489,
          35.7540287
        ]
      },
      "id": "way/710723200"
    },
    {
      "type": "Feature",
      "properties": {
        "@id": "way/754435448",
        "amenity": "university",
        "education": "university",
        "name": "明治大学グローバルビレッジ",
        "operator": "明治大学",
        "@geometry": "center"
      },
      "geometry": {
        "type": "Point",
        "coordinates": [
          139.6476651,
          35.6722352
        ]
      },
      "id": "way/754435448"
    },
    {
      "type": "Feature",
      "properties": {
        "@id": "way/831737624",
        "amenity": "university",
        "name": "国際学生宿舎 大山寮",
        "operator": "お茶の水女子大学",
        "@geometry": "center"
      },
      "geometry": {
        "type": "Point",
        "coordinates": [
          139.6989143,
          35.7507446
        ]
      },
      "id": "way/831737624"
    },
    {
      "type": "Feature",
      "properties": {
        "@id": "way/834242695",
        "amenity": "university",
        "check_date": "2025-03-02",
        "name": "創価大学・創価女子短期大学",
        "@geometry": "center"
      },
      "geometry": {
        "type": "Point",
        "coordinates": [
          139.3259842,
          35.6908548
        ]
      },
      "id": "way/834242695"
    },
    {
      "type": "Feature",
      "properties": {
        "@id": "way/834253736",
        "amenity": "university",
        "name": "工学院大学 八王子キャンパス",
        "@geometry": "center"
      },
      "geometry": {
        "type": "Point",
        "coordinates": [
          139.3187547,
          35.6850173
        ]
      },
      "id": "way/834253736"
    },
    {
      "type": "Feature",
      "properties": {
        "@id": "way/838234562",
        "amenity": "university",
        "name": "亜細亜大学 日の出キャンパス",
        "@geometry": "center"
      },
      "geometry": {
        "type": "Point",
        "coordinates": [
          139.269127,
          35.7348305
        ]
      },
      "id": "way/838234562"
    },
    {
      "type": "Feature",
      "properties": {
        "@id": "way/874584346",
        "amenity": "university",
        "operator": "桜美林学園",
        "@geometry": "center"
      },
      "geometry": {
        "type": "Point",
        "coordinates": [
          139.406425,
          35.5837901
        ]
      },
      "id": "way/874584346"
    },
    {
      "type": "Feature",
      "properties": {
        "@id": "way/883671977",
        "addr:block_number": "9",
        "addr:city": "目黒区",
        "addr:housenumber": "1",
        "addr:neighbourhood": "上目黒一丁目",
        "addr:postcode": "153-8622",
        "addr:province": "東京都",
        "amenity": "university",
        "branch": "中目黒・代官山キャンパス",
        "education": "university",
        "name": "東京音楽大学",
        "website": "https://www.tokyo-ondai.ac.jp/",
        "wikidata": "Q1195621",
        "wikipedia": "ja:東京音楽大学",
        "@geometry": "center"
      },
      "geometry": {
        "type": "Point",
        "coordinates": [
          139.7004781,
          35.6465226
        ]
      },
      "id": "way/883671977"
    },
    {
      "type": "Feature",
      "properties": {
        "@id": "way/883980827",
        "amenity": "university",
        "education": "university",
        "name": "法政大学 市ヶ谷キャンパス",
        "name:en": "Hosei University",
        "name:zh": "法政大学 市谷校区",
        "wikidata": "Q1323040",
        "wikipedia": "ja:法政大学",
        "@geometry": "center"
      },
      "geometry": {
        "type": "Point",
        "coordinates": [
          139.741763,
          35.6957341
        ]
      },
      "id": "way/883980827"
    },
    {
      "type": "Feature",
      "properties": {
        "@id": "way/936971637",
        "amenity": "university",
        "name": "国士舘大学 多摩キャンパス",
        "@geometry": "center"
      },
      "geometry": {
        "type": "Point",
        "coordinates": [
          139.448869,
          35.6106082
        ]
      },
      "id": "way/936971637"
    },
    {
      "type": "Feature",
      "properties": {
        "@id": "way/1044128868",
        "addr:block_number": "6",
        "addr:city": "千代田区",
        "addr:housenumber": "御茶ノ水ソラシティ アカデミア 3F/4F",
        "addr:neighbourhood": "4丁目",
        "addr:postcode": "101-0062",
        "addr:province": "東京都",
        "addr:quarter": "神田駿河台",
        "amenity": "university",
        "education": "university",
        "name": "デジタルハリウッド大学 駿河台キャンパス",
        "operator": "デジタルハリウッド大学",
        "operator:type": "university",
        "website": "https://www.dhw.ac.jp/",
        "@geometry": "center"
      },
      "geometry": {
        "type": "Point",
        "coordinates": [
          139.7667323,
          35.6985926
        ]
      },
      "id": "way/1044128868"
    },
    {
      "type": "Feature",
      "properties": {
        "@id": "way/1089586553",
        "amenity": "university",
        "name": "明治大学 中野キャンパス",
        "@geometry": "center"
      },
      "geometry": {
        "type": "Point",
        "coordinates": [
          139.6592037,
          35.7068839
        ]
      },
      "id": "way/1089586553"
    },
    {
      "type": "Feature",
      "properties": {
        "@id": "way/1089586554",
        "amenity": "university",
        "name": "帝京平成大学 中野キャンパス",
        "@geometry": "center"
      },
      "geometry": {
        "type": "Point",
        "coordinates": [
          139.6591572,
          35.7077264
        ]
      },
      "id": "way/1089586554"
    },
    {
      "type": "Feature",
      "properties": {
        "@id": "way/1090460936",
        "amenity": "university",
        "name": "早稲田大学 中野国際コミュニティプラザ",
        "@geometry": "center"
      },
      "geometry": {
        "type": "Point",
        "coordinates": [
          139.6584416,
          35.7090338
        ]
      },
      "id": "way/1090460936"
    },
    {
      "type": "Feature",
      "properties": {
        "@id": "way/1118590792",
        "amenity": "university",
        "education": "university",
        "name": "白梅学園大学",
        "wikidata": "Q7498312",
        "wikipedia": "ja:白梅学園大学",
        "@geometry": "center"
      },
      "geometry": {
        "type": "Point",
        "coordinates": [
          139.4510521,
          35.7250149
        ]
      },
      "id": "way/1118590792"
    },
    {
      "type": "Feature",
      "properties": {
        "@id": "way/1125968969",
        "amenity": "university",
        "name": "武蔵野大学有明キャンパス5号館",
        "@geometry": "center"
      },
      "geometry": {
        "type": "Point",
        "coordinates": [
          139.7877714,
          35.6312245
        ]
      },
      "id": "way/1125968969"
    },
    {
      "type": "Feature",
      "properties": {
        "@id": "way/1126174657",
        "addr:block_number": "3",
        "addr:city": "港区",
        "addr:housenumber": "6",
        "addr:neighbourhood": "三丁目",
        "addr:postcode": "108-0023",
        "addr:province": "東京都",
        "addr:quarter": "芝浦",
        "amenity": "university",
        "education": "university",
        "name": "東京科学大学　田町キャンパス",
        "name:en": "Institute of Science Tokyo - Tamachi Campus",
        "name:ja": "東京科学大学　田町キャンパス",
        "old_name": "東京工業大学　田町キャンパス",
        "old_name:en": "Tokyo Institute of Technology University of Science and Technology",
        "operator": "東京科学大学",
        "operator:type": "university",
        "wikidata": "Q116264906",
        "wikipedia": "ja:東京科学大学",
        "@geometry": "center"
      },
      "geometry": {
        "type": "Point",
        "coordinates": [
          139.7471886,
          35.6442927
        ]
      },
      "id": "way/1126174657"
    },
    {
      "type": "Feature",
      "properties": {
        "@id": "way/1176872019",
        "amenity": "university",
        "name": "桜美林学園",
        "@geometry": "center"
      },
      "geometry": {
        "type": "Point",
        "coordinates": [
          139.4073958,
          35.5858546
        ]
      },
      "id": "way/1176872019"
    },
    {
      "type": "Feature",
      "properties": {
        "@id": "way/1182746070",
        "amenity": "university",
        "name": "桜美林大学 多摩キャンパス",
        "@geometry": "center"
      },
      "geometry": {
        "type": "Point",
        "coordinates": [
          139.4251121,
          35.6186141
        ]
      },
      "id": "way/1182746070"
    },
    {
      "type": "Feature",
      "properties": {
        "@id": "way/1188791495",
        "amenity": "university",
        "@geometry": "center"
      },
      "geometry": {
        "type": "Point",
        "coordinates": [
          139.7545275,
          35.6967906
        ]
      },
      "id": "way/1188791495"
    },
    {
      "type": "Feature",
      "properties": {
        "@id": "way/1188791496",
        "amenity": "university",
        "@geometry": "center"
      },
      "geometry": {
        "type": "Point",
        "coordinates": [
          139.7547263,
          35.6965277
        ]
      },
      "id": "way/1188791496"
    },
    {
      "type": "Feature",
      "properties": {
        "@id": "way/1191857910",
        "amenity": "university",
        "name": "ヤマザキ動物看護大学",
        "@geometry": "center"
      },
      "geometry": {
        "type": "Point",
        "coordinates": [
          139.374708,
          35.6106247
        ]
      },
      "id": "way/1191857910"
    },
    {
      "type": "Feature",
      "properties": {
        "@id": "way/1194678054",
        "amenity": "university",
        "name": "実践女子大学",
        "wikidata": "Q6203214",
        "wikipedia": "ja:実践女子大学",
        "@geometry": "center"
      },
      "geometry": {
        "type": "Point",
        "coordinates": [
          139.3897377,
          35.6715797
        ]
      },
      "id": "way/1194678054"
    },
    {
      "type": "Feature",
      "properties": {
        "@id": "way/1216065080",
        "amenity": "university",
        "education": "university",
        "name": "多摩美術大学",
        "operator": "学校法人多摩美術大学",
        "@geometry": "center"
      },
      "geometry": {
        "type": "Point",
        "coordinates": [
          139.3478459,
          35.6085813
        ]
      },
      "id": "way/1216065080"
    },
    {
      "type": "Feature",
      "properties": {
        "@id": "way/1241632243",
        "amenity": "university",
        "name": "国士舘大学 多摩南野キャンパス",
        "@geometry": "center"
      },
      "geometry": {
        "type": "Point",
        "coordinates": [
          139.4354866,
          35.6095178
        ]
      },
      "id": "way/1241632243"
    },
    {
      "type": "Feature",
      "properties": {
        "@id": "way/1254252521",
        "addr:block_number": "29",
        "addr:city": "文京区",
        "addr:housenumber": "1",
        "addr:neighbourhood": "大塚三丁目",
        "addr:postcode": "112-0012",
        "addr:province": "東京都",
        "amenity": "university",
        "education": "university",
        "name": "筑波大学 東京キャンパス",
        "name:en": "University of Tsukuba Tokyo Campus",
        "name:ja": "筑波大学 東京キャンパス",
        "operator": "筑波大学",
        "operator:type": "university",
        "wikidata": "Q743615",
        "wikipedia": "ja:筑波大学",
        "@geometry": "center"
      },
      "geometry": {
        "type": "Point",
        "coordinates": [
          139.7377508,
          35.719652
        ]
      },
      "id": "way/1254252521"
    },
    {
      "type": "Feature",
      "properties": {
        "@id": "way/1290572457",
        "addr:block_number": "31",
        "addr:city": "新宿区",
        "addr:housenumber": "1",
        "addr:neighbourhood": "四丁目",
        "addr:postcode": "161-8539",
        "addr:province": "東京都",
        "addr:quarter": "中落合",
        "amenity": "university",
        "name": "目白大学 新宿キャンパス",
        "name:en": "Mejiro University Shinjuku Campus",
        "name:ja": "目白大学 新宿キャンパス",
        "note": "National-Land Numerical Information (Public Facility) 2006, MLIT Japan",
        "note:ja": "国土数値情報（公共施設データ）平成19年　国土交通省",
        "operator": "学校法人目白学園",
        "operator:type": "private",
        "phone": "+81 35 996 3121",
        "source": "KSJ2",
        "source_ref": "http://nlftp.mlit.go.jp/ksj/jpgis/datalist/KsjTmplt-P02-v2_0.html",
        "website": "https://www.mejiro.ac.jp/",
        "wheelchair": "limited",
        "wikidata": "Q8191728",
        "wikipedia": "ja:目白大学",
        "@geometry": "center"
      },
      "geometry": {
        "type": "Point",
        "coordinates": [
          139.6804677,
          35.7178214
        ]
      },
      "id": "way/1290572457"
    },
    {
      "type": "Feature",
      "properties": {
        "@id": "way/1301359913",
        "amenity": "university",
        "name": "昭和薬科大学",
        "name:en": "Showa Pharmaceutical University",
        "name:ja": "昭和薬科大学",
        "source": "KSJ2;Bing",
        "wikidata": "Q7503107",
        "wikipedia": "ja:昭和薬科大学",
        "@geometry": "center"
      },
      "geometry": {
        "type": "Point",
        "coordinates": [
          139.4717852,
          35.5544287
        ]
      },
      "id": "way/1301359913"
    },
    {
      "type": "Feature",
      "properties": {
        "@id": "way/1320000145",
        "amenity": "university",
        "name": "東京科学大学 駿河台キャンパス",
        "name:en": "Institute of Science Tokyo - Surugadai Campus",
        "name:ja": "東京科学大学 駿河台キャンパス",
        "old_name": "東京医科歯科大学 駿河台キャンパス",
        "old_name:en": "Tokyo Medical and Dental University - Surugadai Campus",
        "old_name:ja": "東京医科歯科大学 駿河台キャンパス",
        "operator": "東京科学大学",
        "operator:type": "university",
        "@geometry": "center"
      },
      "geometry": {
        "type": "Point",
        "coordinates": [
          139.7611074,
          35.7008661
        ]
      },
      "id": "way/1320000145"
    },
    {
      "type": "Feature",
      "properties": {
        "@id": "way/1333155349",
        "amenity": "university",
        "education": "university",
        "name": "津田塾大学千駄ヶ谷キャンパス",
        "@geometry": "center"
      },
      "geometry": {
        "type": "Point",
        "coordinates": [
          139.7107112,
          35.6805504
        ]
      },
      "id": "way/1333155349"
    },
    {
      "type": "Feature",
      "properties": {
        "@id": "way/1341747190",
        "addr:block_number": "1",
        "addr:city": "清瀬市",
        "addr:housenumber": "30",
        "addr:neighbourhood": "竹丘三丁目",
        "addr:province": "東京都",
        "amenity": "university",
        "name": "日本社会事業大学",
        "toilets:wheelchair": "yes",
        "wheelchair": "yes",
        "wikidata": "Q5966559",
        "wikipedia": "ja:日本社会事業大学",
        "@geometry": "center"
      },
      "geometry": {
        "type": "Point",
        "coordinates": [
          139.5054421,
          35.7659564
        ]
      },
      "id": "way/1341747190"
    },
    {
      "type": "Feature",
      "properties": {
        "@id": "node/1382541629",
        "amenity": "university",
        "education": "university",
        "name": "慶應義塾大学 西別館"
      },
      "geometry": {
        "type": "Point",
        "coordinates": [
          139.7405665,
          35.6477555
        ]
      },
      "id": "node/1382541629"
    },
    {
      "type": "Feature",
      "properties": {
        "@id": "node/1420027867",
        "amenity": "university",
        "education": "university",
        "name": "慶応義塾大学 南別館",
        "name:en": "Keio University South Annex"
      },
      "geometry": {
        "type": "Point",
        "coordinates": [
          139.7425954,
          35.6475909
        ]
      },
      "id": "node/1420027867"
    },
    {
      "type": "Feature",
      "properties": {
        "@id": "node/1420765102",
        "addr:block_number": "5",
        "addr:city": "千代田区",
        "addr:housename": "住友不動産麹町ビル",
        "addr:housenumber": "1",
        "addr:neighbourhood": "二番町",
        "addr:province": "東京都",
        "amenity": "university",
        "education": "university",
        "name": "グロービス経営大学院大学（東京校）",
        "note": "National-Land Numerical Information (Public Facility) 2006, MLIT Japan",
        "note:ja": "国土数値情報（公共施設データ）平成19年　国土交通省",
        "source": "KSJ2",
        "source_ref": "http://nlftp.mlit.go.jp/ksj/jpgis/datalist/KsjTmplt-P02-v2_0.html"
      },
      "geometry": {
        "type": "Point",
        "coordinates": [
          139.736748,
          35.685325
        ]
      },
      "id": "node/1420765102"
    },
    {
      "type": "Feature",
      "properties": {
        "@id": "node/1420765277",
        "addr:block_number": "1",
        "addr:city": "千代田区",
        "addr:housenumber": "7",
        "addr:neighbourhood": "六番町",
        "addr:province": "東京都",
        "amenity": "university",
        "education": "university",
        "name": "ビジネス・ブレークスルー大学院大学",
        "note": "National-Land Numerical Information (Public Facility) 2006, MLIT Japan",
        "note:ja": "国土数値情報（公共施設データ）平成19年　国土交通省",
        "source": "KSJ2",
        "source_ref": "http://nlftp.mlit.go.jp/ksj/jpgis/datalist/KsjTmplt-P02-v2_0.html"
      },
      "geometry": {
        "type": "Point",
        "coordinates": [
          139.734937,
          35.687736
        ]
      },
      "id": "node/1420765277"
    },
    {
      "type": "Feature",
      "properties": {
        "@id": "node/1420765384",
        "amenity": "university",
        "name": "ヤマザキ動物看護大学",
        "note": "National-Land Numerical Information (Public Facility) 2006, MLIT Japan",
        "note:ja": "国土数値情報（公共施設データ）平成19年　国土交通省",
        "source": "KSJ2",
        "source_ref": "http://nlftp.mlit.go.jp/ksj/jpgis/datalist/KsjTmplt-P02-v2_0.html",
        "wikidata": "Q8048008"
      },
      "geometry": {
        "type": "Point",
        "coordinates": [
          139.374097,
          35.610006
        ]
      },
      "id": "node/1420765384"
    },
    {
      "type": "Feature",
      "properties": {
        "@id": "node/1420765410",
        "addr:block_number": "10",
        "addr:city": "三鷹市",
        "addr:housenumber": "20",
        "addr:neighbourhood": "大沢三丁目",
        "addr:province": "東京都",
        "amenity": "university",
        "education": "university",
        "name": "ルーテル学院大学（文学部）",
        "note": "National-Land Numerical Information (Public Facility) 2006, MLIT Japan",
        "note:ja": "国土数値情報（公共施設データ）平成19年　国土交通省",
        "source": "KSJ2",
        "source_ref": "http://nlftp.mlit.go.jp/ksj/jpgis/datalist/KsjTmplt-P02-v2_0.html"
      },
      "geometry": {
        "type": "Point",
        "coordinates": [
          139.53523,
          35.688231
        ]
      },
      "id": "node/1420765410"
    },
    {
      "type": "Feature",
      "properties": {
        "@id": "node/1420765411",
        "addr:block_number": "10",
        "addr:city": "三鷹市",
        "addr:housenumber": "20",
        "addr:neighbourhood": "大沢三丁目",
        "addr:province": "東京都",
        "amenity": "university",
        "education": "university",
        "name": "ルーテル学院大学（総合人間学部）",
        "note": "National-Land Numerical Information (Public Facility) 2006, MLIT Japan",
        "note:ja": "国土数値情報（公共施設データ）平成19年　国土交通省",
        "source": "KSJ2",
        "source_ref": "http://nlftp.mlit.go.jp/ksj/jpgis/datalist/KsjTmplt-P02-v2_0.html"
      },
      "geometry": {
        "type": "Point",
        "coordinates": [
          139.5351977,
          35.6882616
        ]
      },
      "id": "node/1420765411"
    },
    {
      "type": "Feature",
      "properties": {
        "@id": "node/1420765757",
        "amenity": "university",
        "education": "university",
        "name": "上智大学（国際教養学部）",
        "note": "National-Land Numerical Information (Public Facility) 2006, MLIT Japan",
        "note:ja": "国土数値情報（公共施設データ）平成19年　国土交通省",
        "source": "KSJ2",
        "source_ref": "http://nlftp.mlit.go.jp/ksj/jpgis/datalist/KsjTmplt-P02-v2_0.html"
      },
      "geometry": {
        "type": "Point",
        "coordinates": [
          139.731885,
          35.6835994
        ]
      },
      "id": "node/1420765757"
    },
    {
      "type": "Feature",
      "properties": {
        "@id": "node/1420765758",
        "amenity": "university",
        "education": "university",
        "name": "上智大学（外国語学部）",
        "note": "National-Land Numerical Information (Public Facility) 2006, MLIT Japan",
        "note:ja": "国土数値情報（公共施設データ）平成19年　国土交通省",
        "source": "KSJ2",
        "source_ref": "http://nlftp.mlit.go.jp/ksj/jpgis/datalist/KsjTmplt-P02-v2_0.html"
      },
      "geometry": {
        "type": "Point",
        "coordinates": [
          139.7318522,
          35.6835938
        ]
      },
      "id": "node/1420765758"
    },
    {
      "type": "Feature",
      "properties": {
        "@id": "node/1420765771",
        "amenity": "university",
        "education": "university",
        "name": "上智大学（文学部）",
        "note": "National-Land Numerical Information (Public Facility) 2006, MLIT Japan",
        "note:ja": "国土数値情報（公共施設データ）平成19年　国土交通省",
        "source": "KSJ2",
        "source_ref": "http://nlftp.mlit.go.jp/ksj/jpgis/datalist/KsjTmplt-P02-v2_0.html"
      },
      "geometry": {
        "type": "Point",
        "coordinates": [
          139.7318492,
          35.6836196
        ]
      },
      "id": "node/1420765771"
    },
    {
      "type": "Feature",
      "properties": {
        "@id": "node/1420765774",
        "amenity": "university",
        "education": "university",
        "name": "上智大学（比較文化学部）",
        "note": "National-Land Numerical Information (Public Facility) 2006, MLIT Japan",
        "note:ja": "国土数値情報（公共施設データ）平成19年　国土交通省",
        "source": "KSJ2",
        "source_ref": "http://nlftp.mlit.go.jp/ksj/jpgis/datalist/KsjTmplt-P02-v2_0.html"
      },
      "geometry": {
        "type": "Point",
        "coordinates": [
          139.7319296,
          35.6836026
        ]
      },
      "id": "node/1420765774"
    },
    {
      "type": "Feature",
      "properties": {
        "@id": "node/1420765780",
        "amenity": "university",
        "education": "university",
        "name": "上智大学（法学部）",
        "note": "National-Land Numerical Information (Public Facility) 2006, MLIT Japan",
        "note:ja": "国土数値情報（公共施設データ）平成19年　国土交通省",
        "source": "KSJ2",
        "source_ref": "http://nlftp.mlit.go.jp/ksj/jpgis/datalist/KsjTmplt-P02-v2_0.html"
      },
      "geometry": {
        "type": "Point",
        "coordinates": [
          139.7319207,
          35.6836276
        ]
      },
      "id": "node/1420765780"
    },
    {
      "type": "Feature",
      "properties": {
        "@id": "node/1420765785",
        "amenity": "university",
        "education": "university",
        "name": "上智大学（理工学部）",
        "note": "National-Land Numerical Information (Public Facility) 2006, MLIT Japan",
        "note:ja": "国土数値情報（公共施設データ）平成19年　国土交通省",
        "source": "KSJ2",
        "source_ref": "http://nlftp.mlit.go.jp/ksj/jpgis/datalist/KsjTmplt-P02-v2_0.html"
      },
      "geometry": {
        "type": "Point",
        "coordinates": [
          139.731881,
          35.6835656
        ]
      },
      "id": "node/1420765785"
    },
    {
      "type": "Feature",
      "properties": {
        "@id": "node/1420765792",
        "amenity": "university",
        "education": "university",
        "name": "上智大学（神学部）",
        "note": "National-Land Numerical Information (Public Facility) 2006, MLIT Japan",
        "note:ja": "国土数値情報（公共施設データ）平成19年　国土交通省",
        "source": "KSJ2",
        "source_ref": "http://nlftp.mlit.go.jp/ksj/jpgis/datalist/KsjTmplt-P02-v2_0.html"
      },
      "geometry": {
        "type": "Point",
        "coordinates": [
          139.7319177,
          35.6835752
        ]
      },
      "id": "node/1420765792"
    },
    {
      "type": "Feature",
      "properties": {
        "@id": "node/1420765797",
        "amenity": "university",
        "education": "university",
        "name": "上智大学（経済学部）",
        "note": "National-Land Numerical Information (Public Facility) 2006, MLIT Japan",
        "note:ja": "国土数値情報（公共施設データ）平成19年　国土交通省",
        "source": "KSJ2",
        "source_ref": "http://nlftp.mlit.go.jp/ksj/jpgis/datalist/KsjTmplt-P02-v2_0.html"
      },
      "geometry": {
        "type": "Point",
        "coordinates": [
          139.7318889,
          35.6836268
        ]
      },
      "id": "node/1420765797"
    },
    {
      "type": "Feature",
      "properties": {
        "@id": "node/1420765802",
        "amenity": "university",
        "education": "university",
        "name": "上智大学（総合人間科学部）",
        "note": "National-Land Numerical Information (Public Facility) 2006, MLIT Japan",
        "note:ja": "国土数値情報（公共施設データ）平成19年　国土交通省",
        "source": "KSJ2",
        "source_ref": "http://nlftp.mlit.go.jp/ksj/jpgis/datalist/KsjTmplt-P02-v2_0.html",
        "wheelchair": "limited"
      },
      "geometry": {
        "type": "Point",
        "coordinates": [
          139.7318532,
          35.6835704
        ]
      },
      "id": "node/1420765802"
    },
    {
      "type": "Feature",
      "properties": {
        "@id": "node/1420766284",
        "amenity": "university",
        "name": "中小企業基盤整備機構中小企業大学校東京校",
        "note": "National-Land Numerical Information (Public Facility) 2006, MLIT Japan",
        "source": "KSJ2",
        "source_ref": "http://nlftp.mlit.go.jp/ksj/jpgis/datalist/KsjTmplt-P02-v2_0.html"
      },
      "geometry": {
        "type": "Point",
        "coordinates": [
          139.42761,
          35.734025
        ]
      },
      "id": "node/1420766284"
    },
    {
      "type": "Feature",
      "properties": {
        "@id": "node/1420766756",
        "amenity": "university",
        "name": "亜細亜大学（国際関係学部）",
        "name:ja": "亜細亜大学（国際関係学部）",
        "note": "National-Land Numerical Information (Public Facility) 2006, MLIT Japan",
        "source": "KSJ2",
        "source_ref": "http://nlftp.mlit.go.jp/ksj/jpgis/datalist/KsjTmplt-P02-v2_0.html"
      },
      "geometry": {
        "type": "Point",
        "coordinates": [
          139.535341,
          35.7050274
        ]
      },
      "id": "node/1420766756"
    },
    {
      "type": "Feature",
      "properties": {
        "@id": "node/1420766759",
        "amenity": "university",
        "name": "亜細亜大学（法学部）",
        "name:ja": "亜細亜大学（法学部）",
        "note": "National-Land Numerical Information (Public Facility) 2006, MLIT Japan",
        "source": "KSJ2",
        "source_ref": "http://nlftp.mlit.go.jp/ksj/jpgis/datalist/KsjTmplt-P02-v2_0.html"
      },
      "geometry": {
        "type": "Point",
        "coordinates": [
          139.535341,
          35.7051157
        ]
      },
      "id": "node/1420766759"
    },
    {
      "type": "Feature",
      "properties": {
        "@id": "node/1420766770",
        "amenity": "university",
        "name": "亜細亜大学（経営学部）",
        "name:ja": "亜細亜大学（経営学部）",
        "note": "National-Land Numerical Information (Public Facility) 2006, MLIT Japan",
        "source": "KSJ2",
        "source_ref": "http://nlftp.mlit.go.jp/ksj/jpgis/datalist/KsjTmplt-P02-v2_0.html"
      },
      "geometry": {
        "type": "Point",
        "coordinates": [
          139.5353426,
          35.7050608
        ]
      },
      "id": "node/1420766770"
    },
    {
      "type": "Feature",
      "properties": {
        "@id": "node/1420766774",
        "amenity": "university",
        "name": "亜細亜大学（経済学部）",
        "name:ja": "亜細亜大学（経済学部）",
        "note": "National-Land Numerical Information (Public Facility) 2006, MLIT Japan",
        "source": "KSJ2",
        "source_ref": "http://nlftp.mlit.go.jp/ksj/jpgis/datalist/KsjTmplt-P02-v2_0.html"
      },
      "geometry": {
        "type": "Point",
        "coordinates": [
          139.535341,
          35.7051481
        ]
      },
      "id": "node/1420766774"
    },
    {
      "type": "Feature",
      "properties": {
        "@id": "node/1420767870",
        "amenity": "university",
        "name": "共立女子大学（国際文化学部）",
        "note": "National-Land Numerical Information (Public Facility) 2006, MLIT Japan",
        "note:ja": "国土数値情報（公共施設データ）平成19年　国土交通省",
        "source": "KSJ2",
        "source_ref": "http://nlftp.mlit.go.jp/ksj/jpgis/datalist/KsjTmplt-P02-v2_0.html"
      },
      "geometry": {
        "type": "Point",
        "coordinates": [
          139.2895434,
          35.6611603
        ]
      },
      "id": "node/1420767870"
    },
    {
      "type": "Feature",
      "properties": {
        "@id": "node/1420767871",
        "amenity": "university",
        "education": "university",
        "name": "共立女子大学（国際文化学部）",
        "name:en": "Kyoritsu Women's University",
        "name:ja_rm": "Kyōritsu Joshi Daigaku",
        "note": "National-Land Numerical Information (Public Facility) 2006, MLIT Japan",
        "note:ja": "国土数値情報（公共施設データ）平成19年　国土交通省",
        "source": "KSJ2",
        "source_ref": "http://nlftp.mlit.go.jp/ksj/jpgis/datalist/KsjTmplt-P02-v2_0.html"
      },
      "geometry": {
        "type": "Point",
        "coordinates": [
          139.7574701,
          35.6931041
        ]
      },
      "id": "node/1420767871"
    },
    {
      "type": "Feature",
      "properties": {
        "@id": "node/1420767872",
        "KSJ2:ADS": "元八王子町1-710",
        "KSJ2:AdminArea": "東京都八王子市",
        "KSJ2:PubFacAdmin": "民間",
        "amenity": "university",
        "name": "共立女子大学（家政学部）",
        "note": "National-Land Numerical Information (Public Facility) 2006, MLIT Japan",
        "note:ja": "国土数値情報（公共施設データ）平成19年　国土交通省",
        "source": "KSJ2",
        "source_ref": "http://nlftp.mlit.go.jp/ksj/jpgis/datalist/KsjTmplt-P02-v2_0.html"
      },
      "geometry": {
        "type": "Point",
        "coordinates": [
          139.289558,
          35.661089
        ]
      },
      "id": "node/1420767872"
    },
    {
      "type": "Feature",
      "properties": {
        "@id": "node/1420767873",
        "amenity": "university",
        "education": "university",
        "name": "共立女子中学高等学校",
        "name:en": "Kyoritsu Women's University",
        "name:ja_rm": "Kyōritsu Joshi Daigaku",
        "note": "National-Land Numerical Information (Public Facility) 2006, MLIT Japan",
        "note:ja": "国土数値情報（公共施設データ）平成19年　国土交通省",
        "source": "KSJ2",
        "source_ref": "http://nlftp.mlit.go.jp/ksj/jpgis/datalist/KsjTmplt-P02-v2_0.html"
      },
      "geometry": {
        "type": "Point",
        "coordinates": [
          139.7573011,
          35.6931792
        ]
      },
      "id": "node/1420767873"
    },
    {
      "type": "Feature",
      "properties": {
        "@id": "node/1420767874",
        "amenity": "university",
        "name": "共立女子大学（文芸学部）",
        "note": "National-Land Numerical Information (Public Facility) 2006, MLIT Japan",
        "note:ja": "国土数値情報（公共施設データ）平成19年　国土交通省",
        "source": "KSJ2",
        "source_ref": "http://nlftp.mlit.go.jp/ksj/jpgis/datalist/KsjTmplt-P02-v2_0.html"
      },
      "geometry": {
        "type": "Point",
        "coordinates": [
          139.2895263,
          35.6612158
        ]
      },
      "id": "node/1420767874"
    },
    {
      "type": "Feature",
      "properties": {
        "@id": "node/1420767875",
        "amenity": "university",
        "name": "共立女子大学（文芸学部）",
        "name:en": "Kyoritsu Women's University",
        "name:ja_rm": "Kyōritsu Joshi Daigaku",
        "note": "National-Land Numerical Information (Public Facility) 2006, MLIT Japan",
        "note:ja": "国土数値情報（公共施設データ）平成19年　国土交通省",
        "source": "KSJ2",
        "source_ref": "http://nlftp.mlit.go.jp/ksj/jpgis/datalist/KsjTmplt-P02-v2_0.html"
      },
      "geometry": {
        "type": "Point",
        "coordinates": [
          139.756825,
          35.693383
        ]
      },
      "id": "node/1420767875"
    },
    {
      "type": "Feature",
      "properties": {
        "@id": "node/1420767878",
        "amenity": "university",
        "name": "慶應義塾大学(経済学部)",
        "note": "National-Land Numerical Information (Public Facility) 2006, MLIT Japan",
        "note:ja": "国土数値情報（公共施設データ）平成19年　国土交通省",
        "source": "KSJ2",
        "source_ref": "http://nlftp.mlit.go.jp/ksj/jpgis/datalist/KsjTmplt-P02-v2_0.html"
      },
      "geometry": {
        "type": "Point",
        "coordinates": [
          139.751296,
          35.658517
        ]
      },
      "id": "node/1420767878"
    },
    {
      "type": "Feature",
      "properties": {
        "@id": "node/1420767910",
        "KSJ2:ADS": "丹木町1-236",
        "KSJ2:AdminArea": "東京都八王子市",
        "KSJ2:PubFacAdmin": "民間",
        "amenity": "university",
        "check_date": "2025-04-08",
        "name": "創価大学（経済学部）",
        "note": "National-Land Numerical Information (Public Facility) 2006, MLIT Japan",
        "note:ja": "国土数値情報（公共施設データ）平成19年　国土交通省",
        "source": "KSJ2",
        "source_ref": "http://nlftp.mlit.go.jp/ksj/jpgis/datalist/KsjTmplt-P02-v2_0.html"
      },
      "geometry": {
        "type": "Point",
        "coordinates": [
          139.3270527,
          35.6904202
        ]
      },
      "id": "node/1420767910"
    },
    {
      "type": "Feature",
      "properties": {
        "@id": "node/1420768090",
        "amenity": "university",
        "education": "university",
        "name": "北里大学（薬学部）",
        "note": "National-Land Numerical Information (Public Facility) 2006, MLIT Japan",
        "note:ja": "国土数値情報（公共施設データ）平成19年　国土交通省",
        "source": "KSJ2",
        "source_ref": "http://nlftp.mlit.go.jp/ksj/jpgis/datalist/KsjTmplt-P02-v2_0.html",
        "wheelchair": "limited"
      },
      "geometry": {
        "type": "Point",
        "coordinates": [
          139.726104,
          35.645157
        ]
      },
      "id": "node/1420768090"
    },
    {
      "type": "Feature",
      "properties": {
        "@id": "node/1420771279",
        "KSJ2:ADS": "金井町2160",
        "KSJ2:AdminArea": "東京都町田市",
        "KSJ2:PubFacAdmin": "民間",
        "amenity": "university",
        "name": "和光大学（人間関係学部）",
        "note": "National-Land Numerical Information (Public Facility) 2006, MLIT Japan",
        "note:ja": "国土数値情報（公共施設データ）平成19年　国土交通省",
        "source": "KSJ2",
        "source_ref": "http://nlftp.mlit.go.jp/ksj/jpgis/datalist/KsjTmplt-P02-v2_0.html"
      },
      "geometry": {
        "type": "Point",
        "coordinates": [
          139.473268,
          35.573826
        ]
      },
      "id": "node/1420771279"
    },
    {
      "type": "Feature",
      "properties": {
        "@id": "node/1420771280",
        "KSJ2:ADS": "金井町2160",
        "KSJ2:AdminArea": "東京都町田市",
        "KSJ2:PubFacAdmin": "民間",
        "amenity": "university",
        "name": "和光大学（経済学部）",
        "note": "National-Land Numerical Information (Public Facility) 2006, MLIT Japan",
        "note:ja": "国土数値情報（公共施設データ）平成19年　国土交通省",
        "source": "KSJ2",
        "source_ref": "http://nlftp.mlit.go.jp/ksj/jpgis/datalist/KsjTmplt-P02-v2_0.html"
      },
      "geometry": {
        "type": "Point",
        "coordinates": [
          139.473268,
          35.573826
        ]
      },
      "id": "node/1420771280"
    },
    {
      "type": "Feature",
      "properties": {
        "@id": "node/1420771281",
        "KSJ2:ADS": "金井町2160",
        "KSJ2:AdminArea": "東京都町田市",
        "KSJ2:PubFacAdmin": "民間",
        "amenity": "university",
        "name": "和光大学（経済経営学部）",
        "note": "National-Land Numerical Information (Public Facility) 2006, MLIT Japan",
        "note:ja": "国土数値情報（公共施設データ）平成19年　国土交通省",
        "source": "KSJ2",
        "source_ref": "http://nlftp.mlit.go.jp/ksj/jpgis/datalist/KsjTmplt-P02-v2_0.html"
      },
      "geometry": {
        "type": "Point",
        "coordinates": [
          139.473268,
          35.573826
        ]
      },
      "id": "node/1420771281"
    },
    {
      "type": "Feature",
      "properties": {
        "@id": "node/1420771282",
        "KSJ2:ADS": "金井町2160",
        "KSJ2:AdminArea": "東京都町田市",
        "KSJ2:PubFacAdmin": "民間",
        "amenity": "university",
        "name": "和光大学（表現学部）",
        "note": "National-Land Numerical Information (Public Facility) 2006, MLIT Japan",
        "note:ja": "国土数値情報（公共施設データ）平成19年　国土交通省",
        "source": "KSJ2",
        "source_ref": "http://nlftp.mlit.go.jp/ksj/jpgis/datalist/KsjTmplt-P02-v2_0.html"
      },
      "geometry": {
        "type": "Point",
        "coordinates": [
          139.473268,
          35.573826
        ]
      },
      "id": "node/1420771282"
    },
    {
      "type": "Feature",
      "properties": {
        "@id": "node/1420771429",
        "amenity": "university",
        "name": "嘉悦大学（経営経済学部）",
        "note": "National-Land Numerical Information (Public Facility) 2006, MLIT Japan",
        "source": "KSJ2",
        "source_ref": "http://nlftp.mlit.go.jp/ksj/jpgis/datalist/KsjTmplt-P02-v2_0.html"
      },
      "geometry": {
        "type": "Point",
        "coordinates": [
          139.516073,
          35.720805
        ]
      },
      "id": "node/1420771429"
    },
    {
      "type": "Feature",
      "properties": {
        "@id": "node/1420771605",
        "KSJ2:ADS": "永山7-3-1",
        "KSJ2:AdminArea": "東京都多摩市",
        "KSJ2:PubFacAdmin": "民間",
        "amenity": "university",
        "name": "国士舘大学（体育学部）",
        "note": "National-Land Numerical Information (Public Facility) 2006, MLIT Japan",
        "note:ja": "国土数値情報（公共施設データ）平成19年　国土交通省",
        "source": "KSJ2",
        "source_ref": "http://nlftp.mlit.go.jp/ksj/jpgis/datalist/KsjTmplt-P02-v2_0.html"
      },
      "geometry": {
        "type": "Point",
        "coordinates": [
          139.448163,
          35.611831
        ]
      },
      "id": "node/1420771605"
    },
    {
      "type": "Feature",
      "properties": {
        "@id": "node/1420771606",
        "addr:block_number": "28",
        "addr:city": "世田谷区",
        "addr:housenumber": "1",
        "addr:neighbourhood": "世田谷四丁目",
        "addr:province": "東京都",
        "amenity": "university",
        "education": "university",
        "name": "国士舘大学（工学部）",
        "note": "National-Land Numerical Information (Public Facility) 2006, MLIT Japan",
        "note:ja": "国土数値情報（公共施設データ）平成19年　国土交通省",
        "source": "KSJ2",
        "source_ref": "http://nlftp.mlit.go.jp/ksj/jpgis/datalist/KsjTmplt-P02-v2_0.html"
      },
      "geometry": {
        "type": "Point",
        "coordinates": [
          139.653687,
          35.6486521
        ]
      },
      "id": "node/1420771606"
    },
    {
      "type": "Feature",
      "properties": {
        "@id": "node/1420771607",
        "amenity": "university",
        "name": "国士舘大学（政経学部）",
        "note": "National-Land Numerical Information (Public Facility) 2006, MLIT Japan",
        "note:ja": "国土数値情報（公共施設データ）平成19年　国土交通省",
        "source": "KSJ2",
        "source_ref": "http://nlftp.mlit.go.jp/ksj/jpgis/datalist/KsjTmplt-P02-v2_0.html"
      },
      "geometry": {
        "type": "Point",
        "coordinates": [
          139.4662138,
          35.5942736
        ]
      },
      "id": "node/1420771607"
    },
    {
      "type": "Feature",
      "properties": {
        "@id": "node/1420771608",
        "addr:block_number": "28",
        "addr:city": "世田谷区",
        "addr:housenumber": "1",
        "addr:neighbourhood": "世田谷四丁目",
        "addr:province": "東京都",
        "amenity": "university",
        "education": "university",
        "name": "国士舘大学（政経学部）",
        "note": "National-Land Numerical Information (Public Facility) 2006, MLIT Japan",
        "note:ja": "国土数値情報（公共施設データ）平成19年　国土交通省",
        "source": "KSJ2",
        "source_ref": "http://nlftp.mlit.go.jp/ksj/jpgis/datalist/KsjTmplt-P02-v2_0.html"
      },
      "geometry": {
        "type": "Point",
        "coordinates": [
          139.6538014,
          35.6487166
        ]
      },
      "id": "node/1420771608"
    },
    {
      "type": "Feature",
      "properties": {
        "@id": "node/1420771609",
        "amenity": "university",
        "name": "国士舘大学（文学部）",
        "note": "National-Land Numerical Information (Public Facility) 2006, MLIT Japan",
        "note:ja": "国土数値情報（公共施設データ）平成19年　国土交通省",
        "source": "KSJ2",
        "source_ref": "http://nlftp.mlit.go.jp/ksj/jpgis/datalist/KsjTmplt-P02-v2_0.html"
      },
      "geometry": {
        "type": "Point",
        "coordinates": [
          139.4663841,
          35.5941657
        ]
      },
      "id": "node/1420771609"
    },
    {
      "type": "Feature",
      "properties": {
        "@id": "node/1420771610",
        "addr:block_number": "28",
        "addr:city": "世田谷区",
        "addr:housenumber": "1",
        "addr:neighbourhood": "世田谷四丁目",
        "addr:province": "東京都",
        "amenity": "university",
        "education": "university",
        "name": "国士舘大学（文学部）",
        "note": "National-Land Numerical Information (Public Facility) 2006, MLIT Japan",
        "note:ja": "国土数値情報（公共施設データ）平成19年　国土交通省",
        "source": "KSJ2",
        "source_ref": "http://nlftp.mlit.go.jp/ksj/jpgis/datalist/KsjTmplt-P02-v2_0.html"
      },
      "geometry": {
        "type": "Point",
        "coordinates": [
          139.6535539,
          35.6485819
        ]
      },
      "id": "node/1420771610"
    },
    {
      "type": "Feature",
      "properties": {
        "@id": "node/1420771611",
        "amenity": "university",
        "name": "国士舘大学（法学部）",
        "note": "National-Land Numerical Information (Public Facility) 2006, MLIT Japan",
        "note:ja": "国土数値情報（公共施設データ）平成19年　国土交通省",
        "source": "KSJ2",
        "source_ref": "http://nlftp.mlit.go.jp/ksj/jpgis/datalist/KsjTmplt-P02-v2_0.html"
      },
      "geometry": {
        "type": "Point",
        "coordinates": [
          139.4660274,
          35.5940795
        ]
      },
      "id": "node/1420771611"
    },
    {
      "type": "Feature",
      "properties": {
        "@id": "node/1420771612",
        "addr:block_number": "28",
        "addr:city": "世田谷区",
        "addr:housenumber": "1",
        "addr:neighbourhood": "世田谷四丁目",
        "addr:province": "東京都",
        "amenity": "university",
        "education": "university",
        "name": "国士舘大学（法学部）",
        "note": "National-Land Numerical Information (Public Facility) 2006, MLIT Japan",
        "note:ja": "国土数値情報（公共施設データ）平成19年　国土交通省",
        "source": "KSJ2",
        "source_ref": "http://nlftp.mlit.go.jp/ksj/jpgis/datalist/KsjTmplt-P02-v2_0.html"
      },
      "geometry": {
        "type": "Point",
        "coordinates": [
          139.6534395,
          35.648506
        ]
      },
      "id": "node/1420771612"
    },
    {
      "type": "Feature",
      "properties": {
        "@id": "node/1420771613",
        "amenity": "university",
        "name": "国士舘大学（２１世紀アジア学部）",
        "note": "National-Land Numerical Information (Public Facility) 2006, MLIT Japan",
        "note:ja": "国土数値情報（公共施設データ）平成19年　国土交通省",
        "source": "KSJ2",
        "source_ref": "http://nlftp.mlit.go.jp/ksj/jpgis/datalist/KsjTmplt-P02-v2_0.html"
      },
      "geometry": {
        "type": "Point",
        "coordinates": [
          139.4661696,
          35.5939846
        ]
      },
      "id": "node/1420771613"
    },
    {
      "type": "Feature",
      "properties": {
        "@id": "node/1420771699",
        "amenity": "university",
        "education": "university",
        "name": "キャンパス・イノベーション・センター",
        "note": "National-Land Numerical Information (Public Facility) 2006, MLIT Japan",
        "note:ja": "国土数値情報（公共施設データ）平成19年　国土交通省",
        "operator": "東京科学大学",
        "operator:type": "university",
        "source": "KSJ2",
        "source_ref": "http://nlftp.mlit.go.jp/ksj/jpgis/datalist/KsjTmplt-P02-v2_0.html"
      },
      "geometry": {
        "type": "Point",
        "coordinates": [
          139.7478371,
          35.644364
        ]
      },
      "id": "node/1420771699"
    },
    {
      "type": "Feature",
      "properties": {
        "@id": "node/1420771743",
        "addr:block_number": "10",
        "addr:city": "三鷹市",
        "addr:housenumber": "2",
        "addr:neighbourhood": "大沢三丁目",
        "addr:province": "東京都",
        "amenity": "university",
        "education": "university",
        "name": "国際基督教大学（教養学部）",
        "note": "National-Land Numerical Information (Public Facility) 2006, MLIT Japan",
        "note:ja": "国土数値情報（公共施設データ）平成19年 国土交通省",
        "source": "KSJ2",
        "source_ref": "http://nlftp.mlit.go.jp/ksj/jpgis/datalist/KsjTmplt-P02-v2_0.html",
        "website": "https://www.icu.ac.jp"
      },
      "geometry": {
        "type": "Point",
        "coordinates": [
          139.529731,
          35.687619
        ]
      },
      "id": "node/1420771743"
    },
    {
      "type": "Feature",
      "properties": {
        "@id": "node/1420771748",
        "amenity": "university",
        "education": "university",
        "name": "國学院大学（文学部）",
        "name:en": "Faculty of Letters (Kokugakuin University)",
        "note": "National-Land Numerical Information (Public Facility) 2006, MLIT Japan",
        "note:ja": "国土数値情報（公共施設データ）平成19年　国土交通省",
        "source": "KSJ2",
        "source_ref": "http://nlftp.mlit.go.jp/ksj/jpgis/datalist/KsjTmplt-P02-v2_0.html"
      },
      "geometry": {
        "type": "Point",
        "coordinates": [
          139.711661,
          35.655517
        ]
      },
      "id": "node/1420771748"
    },
    {
      "type": "Feature",
      "properties": {
        "@id": "node/1420771749",
        "amenity": "university",
        "education": "university",
        "name": "國学院大学（法学部）",
        "name:en": "Faculty of Law (Kokugakuin University)",
        "note": "National-Land Numerical Information (Public Facility) 2006, MLIT Japan",
        "note:ja": "国土数値情報（公共施設データ）平成19年　国土交通省",
        "source": "KSJ2",
        "source_ref": "http://nlftp.mlit.go.jp/ksj/jpgis/datalist/KsjTmplt-P02-v2_0.html"
      },
      "geometry": {
        "type": "Point",
        "coordinates": [
          139.7116082,
          35.655471
        ]
      },
      "id": "node/1420771749"
    },
    {
      "type": "Feature",
      "properties": {
        "@id": "node/1420771750",
        "amenity": "university",
        "education": "university",
        "name": "國学院大学（神道文化学部）",
        "name:en": "Faculty of Shinto Studies (Kokugakuin University)",
        "note": "National-Land Numerical Information (Public Facility) 2006, MLIT Japan",
        "note:ja": "国土数値情報（公共施設データ）平成19年　国土交通省",
        "source": "KSJ2",
        "source_ref": "http://nlftp.mlit.go.jp/ksj/jpgis/datalist/KsjTmplt-P02-v2_0.html"
      },
      "geometry": {
        "type": "Point",
        "coordinates": [
          139.7115177,
          35.6555538
        ]
      },
      "id": "node/1420771750"
    },
    {
      "type": "Feature",
      "properties": {
        "@id": "node/1420771751",
        "amenity": "university",
        "education": "university",
        "name": "國学院大学（経済学部）",
        "name:en": "Faculty of Economics (Kokugakuin University)",
        "note": "National-Land Numerical Information (Public Facility) 2006, MLIT Japan",
        "note:ja": "国土数値情報（公共施設データ）平成19年　国土交通省",
        "source": "KSJ2",
        "source_ref": "http://nlftp.mlit.go.jp/ksj/jpgis/datalist/KsjTmplt-P02-v2_0.html"
      },
      "geometry": {
        "type": "Point",
        "coordinates": [
          139.7115931,
          35.6555507
        ]
      },
      "id": "node/1420771751"
    },
    {
      "type": "Feature",
      "properties": {
        "@id": "node/1420772935",
        "amenity": "university",
        "education": "university",
        "name": "大原大学院大学",
        "name:en": "OHARA Graduate School of Accounting",
        "name:ja": "大原大学院大学",
        "note": "National-Land Numerical Information (Public Facility) 2006, MLIT Japan",
        "note:ja": "国土数値情報（公共施設データ）平成19年　国土交通省",
        "source": "KSJ2",
        "source_ref": "http://nlftp.mlit.go.jp/ksj/jpgis/datalist/KsjTmplt-P02-v2_0.html",
        "wikidata": "Q11433136"
      },
      "geometry": {
        "type": "Point",
        "coordinates": [
          139.755608,
          35.698694
        ]
      },
      "id": "node/1420772935"
    },
    {
      "type": "Feature",
      "properties": {
        "@id": "node/1420773145",
        "addr:block_number": "12",
        "addr:city": "千代田区",
        "addr:neighbourhood": "三番町",
        "addr:province": "東京都",
        "amenity": "university",
        "education": "university",
        "name": "大妻女子大学（家政学部）",
        "note": "National-Land Numerical Information (Public Facility) 2006, MLIT Japan",
        "note:ja": "国土数値情報（公共施設データ）平成19年　国土交通省",
        "source": "KSJ2",
        "source_ref": "http://nlftp.mlit.go.jp/ksj/jpgis/datalist/KsjTmplt-P02-v2_0.html"
      },
      "geometry": {
        "type": "Point",
        "coordinates": [
          139.742629,
          35.690986
        ]
      },
      "id": "node/1420773145"
    },
    {
      "type": "Feature",
      "properties": {
        "@id": "node/1420773151",
        "amenity": "university",
        "education": "university",
        "name": "大妻女子大学（文学部）",
        "note": "National-Land Numerical Information (Public Facility) 2006, MLIT Japan",
        "note:ja": "国土数値情報（公共施設データ）平成19年　国土交通省",
        "source": "KSJ2",
        "source_ref": "http://nlftp.mlit.go.jp/ksj/jpgis/datalist/KsjTmplt-P02-v2_0.html"
      },
      "geometry": {
        "type": "Point",
        "coordinates": [
          139.7426387,
          35.6908834
        ]
      },
      "id": "node/1420773151"
    },
    {
      "type": "Feature",
      "properties": {
        "@id": "node/1420774792",
        "amenity": "university",
        "name": "女子美術大学（芸術学部）",
        "source": "KSJ2",
        "source_ref": "http://nlftp.mlit.go.jp/ksj/jpgis/datalist/KsjTmplt-P02-v2_0.html"
      },
      "geometry": {
        "type": "Point",
        "coordinates": [
          139.6619468,
          35.6938403
        ]
      },
      "id": "node/1420774792"
    },
    {
      "type": "Feature",
      "properties": {
        "@id": "node/1420774851",
        "amenity": "university",
        "education": "university",
        "name": "学習院女子大学（国際文化交流学部）",
        "name:en": "Gakushuin Women’s College",
        "name:ja": "学習院女子大学（国際文化交流学部）",
        "note": "National-Land Numerical Information (Public Facility) 2006, MLIT Japan",
        "note:ja": "国土数値情報（公共施設データ）平成19年　国土交通省",
        "source": "KSJ2",
        "source_ref": "http://nlftp.mlit.go.jp/ksj/jpgis/datalist/KsjTmplt-P02-v2_0.html"
      },
      "geometry": {
        "type": "Point",
        "coordinates": [
          139.7105528,
          35.707427
        ]
      },
      "id": "node/1420774851"
    },
    {
      "type": "Feature",
      "properties": {
        "@id": "node/1420774954",
        "amenity": "university",
        "name": "実践女子大学（人間社会学部）",
        "note": "National-Land Numerical Information (Public Facility) 2006, MLIT Japan",
        "note:ja": "国土数値情報（公共施設データ）平成19年　国土交通省",
        "source": "KSJ2",
        "source_ref": "http://nlftp.mlit.go.jp/ksj/jpgis/datalist/KsjTmplt-P02-v2_0.html"
      },
      "geometry": {
        "type": "Point",
        "coordinates": [
          139.3900229,
          35.6714276
        ]
      },
      "id": "node/1420774954"
    },
    {
      "type": "Feature",
      "properties": {
        "@id": "node/1420774959",
        "amenity": "university",
        "name": "実践女子大学（文学部）",
        "note": "National-Land Numerical Information (Public Facility) 2006, MLIT Japan",
        "note:ja": "国土数値情報（公共施設データ）平成19年　国土交通省",
        "source": "KSJ2",
        "source_ref": "http://nlftp.mlit.go.jp/ksj/jpgis/datalist/KsjTmplt-P02-v2_0.html"
      },
      "geometry": {
        "type": "Point",
        "coordinates": [
          139.389984,
          35.6713816
        ]
      },
      "id": "node/1420774959"
    },
    {
      "type": "Feature",
      "properties": {
        "@id": "node/1420774961",
        "amenity": "university",
        "name": "実践女子大学（生活科学部）",
        "note": "National-Land Numerical Information (Public Facility) 2006, MLIT Japan",
        "note:ja": "国土数値情報（公共施設データ）平成19年　国土交通省",
        "source": "KSJ2",
        "source_ref": "http://nlftp.mlit.go.jp/ksj/jpgis/datalist/KsjTmplt-P02-v2_0.html"
      },
      "geometry": {
        "type": "Point",
        "coordinates": [
          139.3900725,
          35.6713845
        ]
      },
      "id": "node/1420774961"
    },
    {
      "type": "Feature",
      "properties": {
        "@id": "node/1420779713",
        "amenity": "university",
        "name": "帝京大学（医学部）;帝京大学（文学部）",
        "note": "National-Land Numerical Information (Public Facility) 2006, MLIT Japan",
        "note:ja": "国土数値情報（公共施設データ）平成19年　国土交通省",
        "source": "KSJ2",
        "source_ref": "http://nlftp.mlit.go.jp/ksj/jpgis/datalist/KsjTmplt-P02-v2_0.html"
      },
      "geometry": {
        "type": "Point",
        "coordinates": [
          139.4198544,
          35.6425288
        ]
      },
      "id": "node/1420779713"
    },
    {
      "type": "Feature",
      "properties": {
        "@id": "node/1420779715",
        "amenity": "university",
        "name": "帝京大学（医療技術学部）",
        "note": "National-Land Numerical Information (Public Facility) 2006, MLIT Japan",
        "note:ja": "国土数値情報（公共施設データ）平成19年　国土交通省",
        "source": "KSJ2",
        "source_ref": "http://nlftp.mlit.go.jp/ksj/jpgis/datalist/KsjTmplt-P02-v2_0.html"
      },
      "geometry": {
        "type": "Point",
        "coordinates": [
          139.4198068,
          35.6425845
        ]
      },
      "id": "node/1420779715"
    },
    {
      "type": "Feature",
      "properties": {
        "@id": "node/1420779718",
        "amenity": "university",
        "name": "帝京大学（法学部）",
        "note": "National-Land Numerical Information (Public Facility) 2006, MLIT Japan",
        "note:ja": "国土数値情報（公共施設データ）平成19年　国土交通省",
        "source": "KSJ2",
        "source_ref": "http://nlftp.mlit.go.jp/ksj/jpgis/datalist/KsjTmplt-P02-v2_0.html"
      },
      "geometry": {
        "type": "Point",
        "coordinates": [
          139.4197844,
          35.6426175
        ]
      },
      "id": "node/1420779718"
    },
    {
      "type": "Feature",
      "properties": {
        "@id": "node/1420779719",
        "amenity": "university",
        "name": "帝京大学（経済学部）",
        "note": "National-Land Numerical Information (Public Facility) 2006, MLIT Japan",
        "note:ja": "国土数値情報（公共施設データ）平成19年　国土交通省",
        "source": "KSJ2",
        "source_ref": "http://nlftp.mlit.go.jp/ksj/jpgis/datalist/KsjTmplt-P02-v2_0.html"
      },
      "geometry": {
        "type": "Point",
        "coordinates": [
          139.4198362,
          35.6425629
        ]
      },
      "id": "node/1420779719"
    },
    {
      "type": "Feature",
      "properties": {
        "@id": "node/1420780379",
        "amenity": "university",
        "education": "university",
        "name": "慶應義塾大学（その他）",
        "name:en": "Other Faculties (Keio University)",
        "note": "National-Land Numerical Information (Public Facility) 2006, MLIT Japan",
        "note:ja": "国土数値情報（公共施設データ）平成19年　国土交通省",
        "source": "KSJ2",
        "source_ref": "http://nlftp.mlit.go.jp/ksj/jpgis/datalist/KsjTmplt-P02-v2_0.html"
      },
      "geometry": {
        "type": "Point",
        "coordinates": [
          139.7419491,
          35.6492313
        ]
      },
      "id": "node/1420780379"
    },
    {
      "type": "Feature",
      "properties": {
        "@id": "node/1420780380",
        "amenity": "university",
        "education": "university",
        "name": "慶應義塾大学(看護医療学部)",
        "name:en": "School of Medicine (Keio University)",
        "name:es": "Escuela de Medicina (Universidad de Keio)",
        "note": "National-Land Numerical Information (Public Facility) 2006, MLIT Japan",
        "note:ja": "国土数値情報（公共施設データ）平成19年　国土交通省",
        "source": "KSJ2",
        "source_ref": "http://nlftp.mlit.go.jp/ksj/jpgis/datalist/KsjTmplt-P02-v2_0.html"
      },
      "geometry": {
        "type": "Point",
        "coordinates": [
          139.717604,
          35.682542
        ]
      },
      "id": "node/1420780380"
    },
    {
      "type": "Feature",
      "properties": {
        "@id": "node/1420780381",
        "amenity": "university",
        "education": "university",
        "name": "慶應義塾大学（商学部）",
        "name:en": "Faculty of Business and Commerce (Keio University)",
        "note": "National-Land Numerical Information (Public Facility) 2006, MLIT Japan",
        "note:ja": "国土数値情報（公共施設データ）平成19年　国土交通省",
        "source": "KSJ2",
        "source_ref": "http://nlftp.mlit.go.jp/ksj/jpgis/datalist/KsjTmplt-P02-v2_0.html"
      },
      "geometry": {
        "type": "Point",
        "coordinates": [
          139.741992,
          35.64924
        ]
      },
      "id": "node/1420780381"
    },
    {
      "type": "Feature",
      "properties": {
        "@id": "node/1420780382",
        "amenity": "university",
        "education": "university",
        "name": "慶應義塾大学（文学部）",
        "name:en": "Faculty of Letters (Keio University)",
        "note": "National-Land Numerical Information (Public Facility) 2006, MLIT Japan",
        "note:ja": "国土数値情報（公共施設データ）平成19年　国土交通省",
        "source": "KSJ2",
        "source_ref": "http://nlftp.mlit.go.jp/ksj/jpgis/datalist/KsjTmplt-P02-v2_0.html"
      },
      "geometry": {
        "type": "Point",
        "coordinates": [
          139.7419598,
          35.6492574
        ]
      },
      "id": "node/1420780382"
    },
    {
      "type": "Feature",
      "properties": {
        "@id": "node/1420780383",
        "amenity": "university",
        "education": "university",
        "name": "慶應義塾大学（法学部）",
        "note": "National-Land Numerical Information (Public Facility) 2006, MLIT Japan",
        "note:ja": "国土数値情報（公共施設データ）平成19年　国土交通省",
        "source": "KSJ2",
        "source_ref": "http://nlftp.mlit.go.jp/ksj/jpgis/datalist/KsjTmplt-P02-v2_0.html"
      },
      "geometry": {
        "type": "Point",
        "coordinates": [
          139.741992,
          35.64924
        ]
      },
      "id": "node/1420780383"
    },
    {
      "type": "Feature",
      "properties": {
        "@id": "node/1420780384",
        "amenity": "university",
        "education": "university",
        "name": "慶應義塾大学（看護医療学部）",
        "name:en": "Faculty of Nursing And Medical Care (Keio University)",
        "note": "National-Land Numerical Information (Public Facility) 2006, MLIT Japan",
        "note:ja": "国土数値情報（公共施設データ）平成19年　国土交通省",
        "source": "KSJ2",
        "source_ref": "http://nlftp.mlit.go.jp/ksj/jpgis/datalist/KsjTmplt-P02-v2_0.html"
      },
      "geometry": {
        "type": "Point",
        "coordinates": [
          139.717604,
          35.6827947
        ]
      },
      "id": "node/1420780384"
    },
    {
      "type": "Feature",
      "properties": {
        "@id": "node/1420780385",
        "amenity": "university",
        "education": "university",
        "name": "慶應義塾大学（経済学部）",
        "name:en": "Faculty of Economics (Keio University)",
        "note": "National-Land Numerical Information (Public Facility) 2006, MLIT Japan",
        "note:ja": "国土数値情報（公共施設データ）平成19年　国土交通省",
        "source": "KSJ2",
        "source_ref": "http://nlftp.mlit.go.jp/ksj/jpgis/datalist/KsjTmplt-P02-v2_0.html"
      },
      "geometry": {
        "type": "Point",
        "coordinates": [
          139.7419456,
          35.6493178
        ]
      },
      "id": "node/1420780385"
    },
    {
      "type": "Feature",
      "properties": {
        "@id": "node/1420780601",
        "KSJ2:ADS": "館町815-1",
        "KSJ2:AdminArea": "東京都八王子市",
        "KSJ2:PubFacAdmin": "民間",
        "amenity": "university",
        "name": "拓殖大学（商学部）",
        "note": "National-Land Numerical Information (Public Facility) 2006, MLIT Japan",
        "note:ja": "国土数値情報（公共施設データ）平成19年　国土交通省",
        "source": "KSJ2",
        "source_ref": "http://nlftp.mlit.go.jp/ksj/jpgis/datalist/KsjTmplt-P02-v2_0.html"
      },
      "geometry": {
        "type": "Point",
        "coordinates": [
          139.279699,
          35.62851
        ]
      },
      "id": "node/1420780601"
    },
    {
      "type": "Feature",
      "properties": {
        "@id": "node/1420780603",
        "KSJ2:ADS": "館町815-1",
        "KSJ2:AdminArea": "東京都八王子市",
        "KSJ2:PubFacAdmin": "民間",
        "amenity": "university",
        "name": "拓殖大学（国際開発学部）",
        "note": "National-Land Numerical Information (Public Facility) 2006, MLIT Japan",
        "note:ja": "国土数値情報（公共施設データ）平成19年　国土交通省",
        "source": "KSJ2",
        "source_ref": "http://nlftp.mlit.go.jp/ksj/jpgis/datalist/KsjTmplt-P02-v2_0.html"
      },
      "geometry": {
        "type": "Point",
        "coordinates": [
          139.279699,
          35.62851
        ]
      },
      "id": "node/1420780603"
    },
    {
      "type": "Feature",
      "properties": {
        "@id": "node/1420780604",
        "KSJ2:ADS": "館町815-1",
        "KSJ2:AdminArea": "東京都八王子市",
        "KSJ2:PubFacAdmin": "民間",
        "amenity": "university",
        "name": "拓殖大学（外国語学部）",
        "note": "National-Land Numerical Information (Public Facility) 2006, MLIT Japan",
        "note:ja": "国土数値情報（公共施設データ）平成19年　国土交通省",
        "source": "KSJ2",
        "source_ref": "http://nlftp.mlit.go.jp/ksj/jpgis/datalist/KsjTmplt-P02-v2_0.html"
      },
      "geometry": {
        "type": "Point",
        "coordinates": [
          139.279699,
          35.62851
        ]
      },
      "id": "node/1420780604"
    },
    {
      "type": "Feature",
      "properties": {
        "@id": "node/1420780605",
        "KSJ2:ADS": "館町815-10",
        "KSJ2:AdminArea": "東京都八王子市",
        "KSJ2:PubFacAdmin": "民間",
        "amenity": "university",
        "name": "拓殖大学（工学部）",
        "note": "National-Land Numerical Information (Public Facility) 2006, MLIT Japan",
        "note:ja": "国土数値情報（公共施設データ）平成19年　国土交通省",
        "source": "KSJ2",
        "source_ref": "http://nlftp.mlit.go.jp/ksj/jpgis/datalist/KsjTmplt-P02-v2_0.html"
      },
      "geometry": {
        "type": "Point",
        "coordinates": [
          139.279699,
          35.62851
        ]
      },
      "id": "node/1420780605"
    },
    {
      "type": "Feature",
      "properties": {
        "@id": "node/1420780606",
        "KSJ2:ADS": "館町815-1",
        "KSJ2:AdminArea": "東京都八王子市",
        "KSJ2:PubFacAdmin": "民間",
        "amenity": "university",
        "name": "拓殖大学（政経学部）",
        "note": "National-Land Numerical Information (Public Facility) 2006, MLIT Japan",
        "note:ja": "国土数値情報（公共施設データ）平成19年　国土交通省",
        "source": "KSJ2",
        "source_ref": "http://nlftp.mlit.go.jp/ksj/jpgis/datalist/KsjTmplt-P02-v2_0.html"
      },
      "geometry": {
        "type": "Point",
        "coordinates": [
          139.279699,
          35.62851
        ]
      },
      "id": "node/1420780606"
    },
    {
      "type": "Feature",
      "properties": {
        "@id": "node/1420780616",
        "addr:block_number": "29",
        "addr:city": "小平市",
        "addr:housenumber": "1",
        "addr:neighbourhood": "1丁目",
        "addr:postcode": "187-0045",
        "addr:province": "東京都",
        "addr:quarter": "学園西町",
        "amenity": "university",
        "level": "3, 4",
        "name": "放送大学東京多摩学習センター",
        "note": "National-Land Numerical Information (Public Facility) 2006, MLIT Japan",
        "note:ja": "国土数値情報（公共施設データ）平成19年　国土交通省",
        "operator": "放送大学学園",
        "operator:type": "private",
        "source": "KSJ2",
        "source_ref": "http://nlftp.mlit.go.jp/ksj/jpgis/datalist/KsjTmplt-P02-v2_0.html",
        "website": "https://www.sc.ouj.ac.jp/center/tama/"
      },
      "geometry": {
        "type": "Point",
        "coordinates": [
          139.474444,
          35.720177
        ]
      },
      "id": "node/1420780616"
    },
    {
      "type": "Feature",
      "properties": {
        "@id": "node/1420780617",
        "addr:block_number": "29",
        "addr:city": "文京区",
        "addr:housenumber": "1",
        "addr:neighbourhood": "3",
        "addr:postcode": "112-0012",
        "addr:province": "東京都",
        "addr:quarter": "大塚",
        "amenity": "university",
        "education": "university",
        "name": "放送大学東京文京学習センター",
        "note": "National-Land Numerical Information (Public Facility) 2006, MLIT Japan",
        "note:ja": "国土数値情報（公共施設データ）平成19年　国土交通省",
        "opening_hours": "Tu-Su 09:30-18:00",
        "phone": "+81 3 5395 8688",
        "source": "KSJ2",
        "source_ref": "http://nlftp.mlit.go.jp/ksj/jpgis/datalist/KsjTmplt-P02-v2_0.html",
        "website": "https://www.sc.ouj.ac.jp/center/bunkyo/",
        "wheelchair": "yes"
      },
      "geometry": {
        "type": "Point",
        "coordinates": [
          139.7374228,
          35.7193524
        ]
      },
      "id": "node/1420780617"
    },
    {
      "type": "Feature",
      "properties": {
        "@id": "node/1420780713",
        "addr:block_number": "19",
        "addr:city": "文京区",
        "addr:housenumber": "1",
        "addr:neighbourhood": "向山一丁目",
        "addr:province": "東京都",
        "amenity": "university",
        "education": "university",
        "name": "文京学院大学（保健医療技術学部）",
        "note": "National-Land Numerical Information (Public Facility) 2006, MLIT Japan",
        "note:ja": "国土数値情報（公共施設データ）平成19年　国土交通省",
        "source": "KSJ2",
        "source_ref": "http://nlftp.mlit.go.jp/ksj/jpgis/datalist/KsjTmplt-P02-v2_0.html"
      },
      "geometry": {
        "type": "Point",
        "coordinates": [
          139.7572777,
          35.7182551
        ]
      },
      "id": "node/1420780713"
    },
    {
      "type": "Feature",
      "properties": {
        "@id": "node/1420780714",
        "addr:block_number": "19",
        "addr:city": "文京区",
        "addr:housenumber": "1",
        "addr:neighbourhood": "向山一丁目",
        "addr:province": "東京都",
        "amenity": "university",
        "education": "university",
        "name": "文京学院大学（外国語学部）",
        "note": "National-Land Numerical Information (Public Facility) 2006, MLIT Japan",
        "note:ja": "国土数値情報（公共施設データ）平成19年　国土交通省",
        "source": "KSJ2",
        "source_ref": "http://nlftp.mlit.go.jp/ksj/jpgis/datalist/KsjTmplt-P02-v2_0.html"
      },
      "geometry": {
        "type": "Point",
        "coordinates": [
          139.7573712,
          35.7184647
        ]
      },
      "id": "node/1420780714"
    },
    {
      "type": "Feature",
      "properties": {
        "@id": "node/1420780715",
        "amenity": "university",
        "education": "university",
        "name": "文京学院大学（経営学部）",
        "name:en": "Faculty of Business Administration (Bunkyo Gakuin University)",
        "note": "National-Land Numerical Information (Public Facility) 2006, MLIT Japan",
        "note:ja": "国土数値情報（公共施設データ）平成19年　国土交通省",
        "source": "KSJ2",
        "source_ref": "http://nlftp.mlit.go.jp/ksj/jpgis/datalist/KsjTmplt-P02-v2_0.html",
        "wikidata": "Q4614832"
      },
      "geometry": {
        "type": "Point",
        "coordinates": [
          139.7573264,
          35.718369
        ]
      },
      "id": "node/1420780715"
    },
    {
      "type": "Feature",
      "properties": {
        "@id": "node/1420780733",
        "amenity": "university",
        "education": "university",
        "name": "文化ファッション大学院大学",
        "source": "KSJ2",
        "source_ref": "http://nlftp.mlit.go.jp/ksj/jpgis/datalist/KsjTmplt-P02-v2_0.html"
      },
      "geometry": {
        "type": "Point",
        "coordinates": [
          139.694994,
          35.685541
        ]
      },
      "id": "node/1420780733"
    },
    {
      "type": "Feature",
      "properties": {
        "@id": "node/1420780736",
        "amenity": "university",
        "education": "university",
        "name": "文化女子大学（造形学部）",
        "source": "KSJ2",
        "source_ref": "http://nlftp.mlit.go.jp/ksj/jpgis/datalist/KsjTmplt-P02-v2_0.html"
      },
      "geometry": {
        "type": "Point",
        "coordinates": [
          139.694994,
          35.685541
        ]
      },
      "id": "node/1420780736"
    },
    {
      "type": "Feature",
      "properties": {
        "@id": "node/1420781002",
        "amenity": "university",
        "education": "university",
        "name": "日本医科大学 医学部",
        "name:en": "Nippon Medical School",
        "note": "National-Land Numerical Information (Public Facility) 2006, MLIT Japan",
        "note:ja": "国土数値情報（公共施設データ）平成19年　国土交通省",
        "source": "KSJ2",
        "source_ref": "http://nlftp.mlit.go.jp/ksj/jpgis/datalist/KsjTmplt-P02-v2_0.html",
        "wikidata": "Q615301"
      },
      "geometry": {
        "type": "Point",
        "coordinates": [
          139.7591797,
          35.7215258
        ]
      },
      "id": "node/1420781002"
    },
    {
      "type": "Feature",
      "properties": {
        "@id": "node/1420781035",
        "amenity": "university",
        "education": "university",
        "name": "日本大学（その他）",
        "note": "National-Land Numerical Information (Public Facility) 2006, MLIT Japan",
        "note:ja": "国土数値情報（公共施設データ）平成19年　国土交通省",
        "source": "KSJ2",
        "source_ref": "http://nlftp.mlit.go.jp/ksj/jpgis/datalist/KsjTmplt-P02-v2_0.html"
      },
      "geometry": {
        "type": "Point",
        "coordinates": [
          139.7548093,
          35.6996358
        ]
      },
      "id": "node/1420781035"
    },
    {
      "type": "Feature",
      "properties": {
        "@id": "node/1420781038",
        "amenity": "university",
        "education": "university",
        "name": "日本大学（商学部）",
        "note": "National-Land Numerical Information (Public Facility) 2006, MLIT Japan",
        "note:ja": "国土数値情報（公共施設データ）平成19年　国土交通省",
        "source": "KSJ2",
        "source_ref": "http://nlftp.mlit.go.jp/ksj/jpgis/datalist/KsjTmplt-P02-v2_0.html"
      },
      "geometry": {
        "type": "Point",
        "coordinates": [
          139.7548429,
          35.6995904
        ]
      },
      "id": "node/1420781038"
    },
    {
      "type": "Feature",
      "properties": {
        "@id": "node/1420781039",
        "amenity": "university",
        "education": "university",
        "internet_access": "wlan",
        "name": "文理学部",
        "note": "National-Land Numerical Information (Public Facility) 2006, MLIT Japan",
        "note:ja": "国土数値情報（公共施設データ）平成19年　国土交通省",
        "operator": "日本大学",
        "operator:type": "university",
        "source": "KSJ2",
        "source_ref": "http://nlftp.mlit.go.jp/ksj/jpgis/datalist/KsjTmplt-P02-v2_0.html",
        "website": "https://chs.nihon-u.ac.jp/"
      },
      "geometry": {
        "type": "Point",
        "coordinates": [
          139.634236,
          35.6620193
        ]
      },
      "id": "node/1420781039"
    },
    {
      "type": "Feature",
      "properties": {
        "@id": "node/1420781040",
        "amenity": "university",
        "education": "university",
        "name": "日本大学（文理学部）",
        "note": "National-Land Numerical Information (Public Facility) 2006, MLIT Japan",
        "note:ja": "国土数値情報（公共施設データ）平成19年　国土交通省",
        "source": "KSJ2",
        "source_ref": "http://nlftp.mlit.go.jp/ksj/jpgis/datalist/KsjTmplt-P02-v2_0.html"
      },
      "geometry": {
        "type": "Point",
        "coordinates": [
          139.7547433,
          35.69954
        ]
      },
      "id": "node/1420781040"
    },
    {
      "type": "Feature",
      "properties": {
        "@id": "node/1420781042",
        "amenity": "university",
        "education": "university",
        "name": "日本大学（法学部）",
        "name:en": "Nihon University College of Law",
        "name:ja": "日本大学（法学部）",
        "note": "National-Land Numerical Information (Public Facility) 2006, MLIT Japan",
        "note:ja": "国土数値情報（公共施設データ）平成19年　国土交通省",
        "source": "KSJ2",
        "source_ref": "http://nlftp.mlit.go.jp/ksj/jpgis/datalist/KsjTmplt-P02-v2_0.html"
      },
      "geometry": {
        "type": "Point",
        "coordinates": [
          139.7547331,
          35.6996003
        ]
      },
      "id": "node/1420781042"
    },
    {
      "type": "Feature",
      "properties": {
        "@id": "node/1420781043",
        "amenity": "university",
        "education": "university",
        "name": "日本大学（法学部）",
        "name:en": "Nihon University College of Law",
        "note": "National-Land Numerical Information (Public Facility) 2006, MLIT Japan",
        "note:ja": "国土数値情報（公共施設データ）平成19年　国土交通省",
        "source": "KSJ2",
        "source_ref": "http://nlftp.mlit.go.jp/ksj/jpgis/datalist/KsjTmplt-P02-v2_0.html"
      },
      "geometry": {
        "type": "Point",
        "coordinates": [
          139.754267,
          35.699707
        ]
      },
      "id": "node/1420781043"
    },
    {
      "type": "Feature",
      "properties": {
        "@id": "node/1420781044",
        "amenity": "university",
        "education": "university",
        "name": "日本大学（理工学部）駿河台校舎",
        "name:en": "College of Science and Technology, Nihon University, Surugadai Campus",
        "note": "National-Land Numerical Information (Public Facility) 2006, MLIT Japan",
        "note:ja": "国土数値情報（公共施設データ）平成19年　国土交通省",
        "source": "KSJ2",
        "source_ref": "http://nlftp.mlit.go.jp/ksj/jpgis/datalist/KsjTmplt-P02-v2_0.html"
      },
      "geometry": {
        "type": "Point",
        "coordinates": [
          139.7647246,
          35.6976834
        ]
      },
      "id": "node/1420781044"
    },
    {
      "type": "Feature",
      "properties": {
        "@id": "node/1420781045",
        "amenity": "university",
        "education": "university",
        "name": "日本大学（経済学部）",
        "name:en": "Nihon University College of Law",
        "note": "National-Land Numerical Information (Public Facility) 2006, MLIT Japan",
        "note:ja": "国土数値情報（公共施設データ）平成19年　国土交通省",
        "source": "KSJ2",
        "source_ref": "http://nlftp.mlit.go.jp/ksj/jpgis/datalist/KsjTmplt-P02-v2_0.html"
      },
      "geometry": {
        "type": "Point",
        "coordinates": [
          139.7547341,
          35.6995689
        ]
      },
      "id": "node/1420781045"
    },
    {
      "type": "Feature",
      "properties": {
        "@id": "node/1420781046",
        "amenity": "university",
        "education": "university",
        "name": "日本大学（経済学部）",
        "name:en": "Nihon University College of Economics",
        "note": "National-Land Numerical Information (Public Facility) 2006, MLIT Japan",
        "note:ja": "国土数値情報（公共施設データ）平成19年　国土交通省",
        "source": "KSJ2",
        "source_ref": "http://nlftp.mlit.go.jp/ksj/jpgis/datalist/KsjTmplt-P02-v2_0.html"
      },
      "geometry": {
        "type": "Point",
        "coordinates": [
          139.756239,
          35.700318
        ]
      },
      "id": "node/1420781046"
    },
    {
      "type": "Feature",
      "properties": {
        "@id": "node/1420781051",
        "amenity": "university",
        "name": "日本女子大学（家政学部）",
        "name:en": "Faculty of Human Sciences and Design (Japan Women's University)",
        "note": "National-Land Numerical Information (Public Facility) 2006, MLIT Japan",
        "note:ja": "国土数値情報（公共施設データ）平成19年　国土交通省",
        "source": "KSJ2",
        "source_ref": "http://nlftp.mlit.go.jp/ksj/jpgis/datalist/KsjTmplt-P02-v2_0.html"
      },
      "geometry": {
        "type": "Point",
        "coordinates": [
          139.7211758,
          35.7173494
        ]
      },
      "id": "node/1420781051"
    },
    {
      "type": "Feature",
      "properties": {
        "@id": "node/1420781052",
        "amenity": "university",
        "name": "日本女子大学（文学部）",
        "name:en": "Faculty of Integrated Arts and Social Sciences (Japan Women's University)",
        "note": "National-Land Numerical Information (Public Facility) 2006, MLIT Japan",
        "note:ja": "国土数値情報（公共施設データ）平成19年　国土交通省",
        "source": "KSJ2",
        "source_ref": "http://nlftp.mlit.go.jp/ksj/jpgis/datalist/KsjTmplt-P02-v2_0.html"
      },
      "geometry": {
        "type": "Point",
        "coordinates": [
          139.7211612,
          35.7172437
        ]
      },
      "id": "node/1420781052"
    },
    {
      "type": "Feature",
      "properties": {
        "@id": "node/1420781053",
        "amenity": "university",
        "name": "日本女子大学（理学部）",
        "name:en": "Faculty of Science (Japan Women's University)",
        "note": "National-Land Numerical Information (Public Facility) 2006, MLIT Japan",
        "note:ja": "国土数値情報（公共施設データ）平成19年　国土交通省",
        "source": "KSJ2",
        "source_ref": "http://nlftp.mlit.go.jp/ksj/jpgis/datalist/KsjTmplt-P02-v2_0.html"
      },
      "geometry": {
        "type": "Point",
        "coordinates": [
          139.7212021,
          35.7174548
        ]
      },
      "id": "node/1420781053"
    },
    {
      "type": "Feature",
      "properties": {
        "@id": "node/1420781064",
        "addr:block_number": "8",
        "addr:city": "千代田区",
        "addr:housenumber": "2",
        "addr:neighbourhood": "二番町",
        "addr:province": "東京都",
        "amenity": "university",
        "education": "university",
        "name": "日本教育大学院大学",
        "note": "National-Land Numerical Information (Public Facility) 2006, MLIT Japan",
        "note:ja": "国土数値情報（公共施設データ）平成19年　国土交通省",
        "source": "KSJ2",
        "source_ref": "http://nlftp.mlit.go.jp/ksj/jpgis/datalist/KsjTmplt-P02-v2_0.html"
      },
      "geometry": {
        "type": "Point",
        "coordinates": [
          139.735143,
          35.685795
        ]
      },
      "id": "node/1420781064"
    },
    {
      "type": "Feature",
      "properties": {
        "@id": "node/1420781065",
        "KSJ2:ADS": "片倉町977",
        "KSJ2:AdminArea": "東京都八王子市",
        "KSJ2:PubFacAdmin": "民間",
        "amenity": "university",
        "name": "日本文化大学（法学部）",
        "note": "National-Land Numerical Information (Public Facility) 2006, MLIT Japan",
        "note:ja": "国土数値情報（公共施設データ）平成19年　国土交通省",
        "source": "KSJ2",
        "source_ref": "http://nlftp.mlit.go.jp/ksj/jpgis/datalist/KsjTmplt-P02-v2_0.html"
      },
      "geometry": {
        "type": "Point",
        "coordinates": [
          139.341471,
          35.634593
        ]
      },
      "id": "node/1420781065"
    },
    {
      "type": "Feature",
      "properties": {
        "@id": "node/1420781120",
        "amenity": "university",
        "education": "university",
        "name": "日本赤十字看護大学",
        "name:en": "Japanese Red Cross College of Nursing",
        "name:ja": "日本赤十字看護大学",
        "wikidata": "Q6158288",
        "wikipedia": "ja:日本赤十字看護大学"
      },
      "geometry": {
        "type": "Point",
        "coordinates": [
          139.71866,
          35.653573
        ]
      },
      "id": "node/1420781120"
    },
    {
      "type": "Feature",
      "properties": {
        "@id": "node/1420781121",
        "addr:block_number": "26",
        "addr:city": "武蔵野市",
        "addr:housenumber": "33",
        "addr:neighbourhood": "境南町一丁目",
        "addr:province": "東京都",
        "amenity": "university",
        "education": "university",
        "name": "日本赤十字看護大学（看護学部）",
        "name:ja": "日本赤十字看護大学（看護学部）",
        "note": "National-Land Numerical Information (Public Facility) 2006, MLIT Japan",
        "note:ja": "国土数値情報（公共施設データ）平成19年　国土交通省",
        "source": "KSJ2",
        "source_ref": "http://nlftp.mlit.go.jp/ksj/jpgis/datalist/KsjTmplt-P02-v2_0.html"
      },
      "geometry": {
        "type": "Point",
        "coordinates": [
          139.5488549,
          35.695459
        ]
      },
      "id": "node/1420781121"
    },
    {
      "type": "Feature",
      "properties": {
        "@id": "node/1420781300",
        "amenity": "university",
        "education": "university",
        "name": "早稲田大学（国際教養学部）",
        "name:en": "Building 16",
        "note": "National-Land Numerical Information (Public Facility) 2006, MLIT Japan",
        "note:ja": "国土数値情報（公共施設データ）平成19年　国土交通省",
        "source": "KSJ2",
        "source_ref": "http://nlftp.mlit.go.jp/ksj/jpgis/datalist/KsjTmplt-P02-v2_0.html",
        "wikidata": "Q17438347"
      },
      "geometry": {
        "type": "Point",
        "coordinates": [
          139.7180165,
          35.7100119
        ]
      },
      "id": "node/1420781300"
    },
    {
      "type": "Feature",
      "properties": {
        "@id": "node/1420781304",
        "addr:block_number": "4",
        "addr:city": "新宿区",
        "addr:housenumber": "1",
        "addr:neighbourhood": "大久保三丁目",
        "addr:province": "東京都",
        "amenity": "university",
        "education": "university",
        "name": "早稲田大学（理工学部）",
        "note": "National-Land Numerical Information (Public Facility) 2006, MLIT Japan",
        "note:ja": "国土数値情報（公共施設データ）平成19年　国土交通省",
        "source": "KSJ2",
        "source_ref": "http://nlftp.mlit.go.jp/ksj/jpgis/datalist/KsjTmplt-P02-v2_0.html"
      },
      "geometry": {
        "type": "Point",
        "coordinates": [
          139.70602,
          35.706039
        ]
      },
      "id": "node/1420781304"
    },
    {
      "type": "Feature",
      "properties": {
        "@id": "node/1420781305",
        "amenity": "university",
        "education": "university",
        "name": "早稲田大学（社会科学部）",
        "note": "National-Land Numerical Information (Public Facility) 2006, MLIT Japan",
        "note:ja": "国土数値情報（公共施設データ）平成19年　国土交通省",
        "source": "KSJ2",
        "source_ref": "http://nlftp.mlit.go.jp/ksj/jpgis/datalist/KsjTmplt-P02-v2_0.html"
      },
      "geometry": {
        "type": "Point",
        "coordinates": [
          139.7187034,
          35.7099026
        ]
      },
      "id": "node/1420781305"
    },
    {
      "type": "Feature",
      "properties": {
        "@id": "node/1420781306",
        "amenity": "university",
        "education": "university",
        "name": "早稲田大学文学部"
      },
      "geometry": {
        "type": "Point",
        "coordinates": [
          139.718156,
          35.70523
        ]
      },
      "id": "node/1420781306"
    },
    {
      "type": "Feature",
      "properties": {
        "@id": "node/1420781307",
        "amenity": "university",
        "education": "university",
        "name": "早稲田大学文化構想学部"
      },
      "geometry": {
        "type": "Point",
        "coordinates": [
          139.7181667,
          35.7051538
        ]
      },
      "id": "node/1420781307"
    },
    {
      "type": "Feature",
      "properties": {
        "@id": "node/1420781349",
        "amenity": "university",
        "education": "university",
        "name": "明治大学（商学部）",
        "name:en": "Meiji University",
        "note": "National-Land Numerical Information (Public Facility) 2006, MLIT Japan",
        "note:ja": "国土数値情報（公共施設データ）平成19年　国土交通省",
        "source": "KSJ2",
        "source_ref": "http://nlftp.mlit.go.jp/ksj/jpgis/datalist/KsjTmplt-P02-v2_0.html"
      },
      "geometry": {
        "type": "Point",
        "coordinates": [
          139.7621579,
          35.6984514
        ]
      },
      "id": "node/1420781349"
    },
    {
      "type": "Feature",
      "properties": {
        "@id": "node/1420781350",
        "amenity": "university",
        "education": "university",
        "name": "明治大学（情報コミュニケーション学部）",
        "name:en": "Meiji University",
        "note": "National-Land Numerical Information (Public Facility) 2006, MLIT Japan",
        "note:ja": "国土数値情報（公共施設データ）平成19年　国土交通省",
        "source": "KSJ2",
        "source_ref": "http://nlftp.mlit.go.jp/ksj/jpgis/datalist/KsjTmplt-P02-v2_0.html"
      },
      "geometry": {
        "type": "Point",
        "coordinates": [
          139.7621985,
          35.6984381
        ]
      },
      "id": "node/1420781350"
    },
    {
      "type": "Feature",
      "properties": {
        "@id": "node/1420781351",
        "amenity": "university",
        "education": "university",
        "name": "明治大学（政治経済学部）",
        "name:en": "Meiji University",
        "note": "National-Land Numerical Information (Public Facility) 2006, MLIT Japan",
        "note:ja": "国土数値情報（公共施設データ）平成19年　国土交通省",
        "source": "KSJ2",
        "source_ref": "http://nlftp.mlit.go.jp/ksj/jpgis/datalist/KsjTmplt-P02-v2_0.html"
      },
      "geometry": {
        "type": "Point",
        "coordinates": [
          139.7621175,
          35.6984704
        ]
      },
      "id": "node/1420781351"
    },
    {
      "type": "Feature",
      "properties": {
        "@id": "node/1420781352",
        "amenity": "university",
        "education": "university",
        "name": "明治大学（文学部）",
        "name:en": "Meiji University",
        "note": "National-Land Numerical Information (Public Facility) 2006, MLIT Japan",
        "note:ja": "国土数値情報（公共施設データ）平成19年　国土交通省",
        "source": "KSJ2",
        "source_ref": "http://nlftp.mlit.go.jp/ksj/jpgis/datalist/KsjTmplt-P02-v2_0.html"
      },
      "geometry": {
        "type": "Point",
        "coordinates": [
          139.7621981,
          35.6984696
        ]
      },
      "id": "node/1420781352"
    },
    {
      "type": "Feature",
      "properties": {
        "@id": "node/1420781353",
        "amenity": "university",
        "education": "university",
        "name": "明治大学（法学部）",
        "name:en": "Meiji University",
        "note": "National-Land Numerical Information (Public Facility) 2006, MLIT Japan",
        "note:ja": "国土数値情報（公共施設データ）平成19年　国土交通省",
        "source": "KSJ2",
        "source_ref": "http://nlftp.mlit.go.jp/ksj/jpgis/datalist/KsjTmplt-P02-v2_0.html"
      },
      "geometry": {
        "type": "Point",
        "coordinates": [
          139.7621177,
          35.6984377
        ]
      },
      "id": "node/1420781353"
    },
    {
      "type": "Feature",
      "properties": {
        "@id": "node/1420781354",
        "amenity": "university",
        "education": "university",
        "name": "明治大学（経営学部）",
        "name:en": "Meiji University",
        "note": "National-Land Numerical Information (Public Facility) 2006, MLIT Japan",
        "note:ja": "国土数値情報（公共施設データ）平成19年　国土交通省",
        "source": "KSJ2",
        "source_ref": "http://nlftp.mlit.go.jp/ksj/jpgis/datalist/KsjTmplt-P02-v2_0.html"
      },
      "geometry": {
        "type": "Point",
        "coordinates": [
          139.7621577,
          35.6984212
        ]
      },
      "id": "node/1420781354"
    },
    {
      "type": "Feature",
      "properties": {
        "@id": "node/1420781355",
        "amenity": "university",
        "education": "university",
        "name": "明治学院大学（心理学部）",
        "note": "National-Land Numerical Information (Public Facility) 2006, MLIT Japan",
        "note:ja": "国土数値情報（公共施設データ）平成19年　国土交通省",
        "source": "KSJ2",
        "source_ref": "http://nlftp.mlit.go.jp/ksj/jpgis/datalist/KsjTmplt-P02-v2_0.html"
      },
      "geometry": {
        "type": "Point",
        "coordinates": [
          139.730741,
          35.6374975
        ]
      },
      "id": "node/1420781355"
    },
    {
      "type": "Feature",
      "properties": {
        "@id": "node/1420781356",
        "amenity": "university",
        "education": "university",
        "name": "明治学院大学（文学部）",
        "note": "National-Land Numerical Information (Public Facility) 2006, MLIT Japan",
        "note:ja": "国土数値情報（公共施設データ）平成19年　国土交通省",
        "source": "KSJ2",
        "source_ref": "http://nlftp.mlit.go.jp/ksj/jpgis/datalist/KsjTmplt-P02-v2_0.html"
      },
      "geometry": {
        "type": "Point",
        "coordinates": [
          139.7306979,
          35.6374959
        ]
      },
      "id": "node/1420781356"
    },
    {
      "type": "Feature",
      "properties": {
        "@id": "node/1420781357",
        "amenity": "university",
        "education": "university",
        "name": "明治学院大学（法学部）",
        "note": "National-Land Numerical Information (Public Facility) 2006, MLIT Japan",
        "note:ja": "国土数値情報（公共施設データ）平成19年　国土交通省",
        "source": "KSJ2",
        "source_ref": "http://nlftp.mlit.go.jp/ksj/jpgis/datalist/KsjTmplt-P02-v2_0.html"
      },
      "geometry": {
        "type": "Point",
        "coordinates": [
          139.73075,
          35.6375325
        ]
      },
      "id": "node/1420781357"
    },
    {
      "type": "Feature",
      "properties": {
        "@id": "node/1420781358",
        "amenity": "university",
        "education": "university",
        "name": "明治学院大学（社会学部）",
        "note": "National-Land Numerical Information (Public Facility) 2006, MLIT Japan",
        "note:ja": "国土数値情報（公共施設データ）平成19年　国土交通省",
        "source": "KSJ2",
        "source_ref": "http://nlftp.mlit.go.jp/ksj/jpgis/datalist/KsjTmplt-P02-v2_0.html"
      },
      "geometry": {
        "type": "Point",
        "coordinates": [
          139.7307861,
          35.6374918
        ]
      },
      "id": "node/1420781358"
    },
    {
      "type": "Feature",
      "properties": {
        "@id": "node/1420781359",
        "amenity": "university",
        "education": "university",
        "name": "明治学院大学（経済学部）",
        "note": "National-Land Numerical Information (Public Facility) 2006, MLIT Japan",
        "note:ja": "国土数値情報（公共施設データ）平成19年　国土交通省",
        "source": "KSJ2",
        "source_ref": "http://nlftp.mlit.go.jp/ksj/jpgis/datalist/KsjTmplt-P02-v2_0.html"
      },
      "geometry": {
        "type": "Point",
        "coordinates": [
          139.73074,
          35.6374535
        ]
      },
      "id": "node/1420781359"
    },
    {
      "type": "Feature",
      "properties": {
        "@id": "node/1420781362",
        "addr:block_number": "522",
        "addr:city": "清瀬市",
        "addr:housenumber": "1",
        "addr:neighbourhood": "野塩二丁目",
        "addr:province": "東京都",
        "amenity": "university",
        "name": "明治薬科大学（薬学部）",
        "note": "National-Land Numerical Information (Public Facility) 2006, MLIT Japan",
        "note:ja": "国土数値情報（公共施設データ）平成19年　国土交通省",
        "source": "KSJ2",
        "source_ref": "http://nlftp.mlit.go.jp/ksj/jpgis/datalist/KsjTmplt-P02-v2_0.html"
      },
      "geometry": {
        "type": "Point",
        "coordinates": [
          139.505979,
          35.78233
        ]
      },
      "id": "node/1420781362"
    },
    {
      "type": "Feature",
      "properties": {
        "@id": "node/1420781385",
        "amenity": "university",
        "name": "星薬科大学（薬学部）",
        "note": "National-Land Numerical Information (Public Facility) 2006, MLIT Japan",
        "source": "KSJ2",
        "source_ref": "http://nlftp.mlit.go.jp/ksj/jpgis/datalist/KsjTmplt-P02-v2_0.html"
      },
      "geometry": {
        "type": "Point",
        "coordinates": [
          139.711329,
          35.619354
        ]
      },
      "id": "node/1420781385"
    },
    {
      "type": "Feature",
      "properties": {
        "@id": "node/1420781386",
        "amenity": "university",
        "name": "映画専門大学院大学",
        "name:en": "Graduate School of Film Producing",
        "source": "KSJ2",
        "source_ref": "http://nlftp.mlit.go.jp/ksj/jpgis/datalist/KsjTmplt-P02-v2_0.html"
      },
      "geometry": {
        "type": "Point",
        "coordinates": [
          139.682014,
          35.688569
        ]
      },
      "id": "node/1420781386"
    },
    {
      "type": "Feature",
      "properties": {
        "@id": "node/1420781422",
        "amenity": "university",
        "education": "university",
        "name": "昭和女子大学（人間文化学部）",
        "note": "National-Land Numerical Information (Public Facility) 2006, MLIT Japan",
        "source": "KSJ2",
        "source_ref": "http://nlftp.mlit.go.jp/ksj/jpgis/datalist/KsjTmplt-P02-v2_0.html"
      },
      "geometry": {
        "type": "Point",
        "coordinates": [
          139.6759471,
          35.6444085
        ]
      },
      "id": "node/1420781422"
    },
    {
      "type": "Feature",
      "properties": {
        "@id": "node/1420781423",
        "amenity": "university",
        "education": "university",
        "name": "昭和女子大学（人間社会学部）",
        "note": "National-Land Numerical Information (Public Facility) 2006, MLIT Japan",
        "source": "KSJ2",
        "source_ref": "http://nlftp.mlit.go.jp/ksj/jpgis/datalist/KsjTmplt-P02-v2_0.html"
      },
      "geometry": {
        "type": "Point",
        "coordinates": [
          139.676053,
          35.644073
        ]
      },
      "id": "node/1420781423"
    },
    {
      "type": "Feature",
      "properties": {
        "@id": "node/1420781424",
        "amenity": "university",
        "education": "university",
        "name": "昭和女子大学（文学部）",
        "name:en": "Showa Women's University (Literature Department)",
        "name:zh": "昭和女子大學（文學部）",
        "note": "National-Land Numerical Information (Public Facility) 2006, MLIT Japan",
        "source": "KSJ2",
        "source_ref": "http://nlftp.mlit.go.jp/ksj/jpgis/datalist/KsjTmplt-P02-v2_0.html"
      },
      "geometry": {
        "type": "Point",
        "coordinates": [
          139.6756842,
          35.644056
        ]
      },
      "id": "node/1420781424"
    },
    {
      "type": "Feature",
      "properties": {
        "@id": "node/1420781425",
        "amenity": "university",
        "education": "university",
        "name": "昭和女子大学（生活科学部）",
        "name:zh": "昭和女子大學（生活科學部）",
        "note": "National-Land Numerical Information (Public Facility) 2006, MLIT Japan",
        "source": "KSJ2",
        "source_ref": "http://nlftp.mlit.go.jp/ksj/jpgis/datalist/KsjTmplt-P02-v2_0.html"
      },
      "geometry": {
        "type": "Point",
        "coordinates": [
          139.6759095,
          35.6434457
        ]
      },
      "id": "node/1420781425"
    },
    {
      "type": "Feature",
      "properties": {
        "@id": "node/1420782234",
        "amenity": "university",
        "education": "university",
        "name": "杉野服飾大学（服飾学部）",
        "note": "National-Land Numerical Information (Public Facility) 2006, MLIT Japan",
        "source": "KSJ2",
        "source_ref": "http://nlftp.mlit.go.jp/ksj/jpgis/datalist/KsjTmplt-P02-v2_0.html"
      },
      "geometry": {
        "type": "Point",
        "coordinates": [
          139.7156208,
          35.6299704
        ]
      },
      "id": "node/1420782234"
    },
    {
      "type": "Feature",
      "properties": {
        "@id": "node/1420782238",
        "amenity": "university",
        "education": "university",
        "name": "杏林大学（医学部）",
        "note": "National-Land Numerical Information (Public Facility) 2006, MLIT Japan",
        "note:ja": "国土数値情報（公共施設データ）平成19年　国土交通省",
        "source": "KSJ2",
        "source_ref": "http://nlftp.mlit.go.jp/ksj/jpgis/datalist/KsjTmplt-P02-v2_0.html"
      },
      "geometry": {
        "type": "Point",
        "coordinates": [
          139.565145,
          35.677594
        ]
      },
      "id": "node/1420782238"
    },
    {
      "type": "Feature",
      "properties": {
        "@id": "node/1420782823",
        "amenity": "university",
        "check_date": "2024-12-05",
        "education": "university",
        "name": "東京医療保健大学（医療保健学部）",
        "note": "National-Land Numerical Information (Public Facility) 2006, MLIT Japan",
        "note:ja": "国土数値情報（公共施設データ）平成19年　国土交通省",
        "source": "KSJ2",
        "source_ref": "http://nlftp.mlit.go.jp/ksj/jpgis/datalist/KsjTmplt-P02-v2_0.html"
      },
      "geometry": {
        "type": "Point",
        "coordinates": [
          139.726606,
          35.63115
        ]
      },
      "id": "node/1420782823"
    },
    {
      "type": "Feature",
      "properties": {
        "@id": "node/1420782870",
        "amenity": "university",
        "education": "university",
        "name": "東京医科大学 （医学部）",
        "note": "National-Land Numerical Information (Public Facility) 2006, MLIT Japan",
        "note:ja": "国土数値情報（公共施設データ）平成19年　国土交通省",
        "source": "KSJ2",
        "source_ref": "http://nlftp.mlit.go.jp/ksj/jpgis/datalist/KsjTmplt-P02-v2_0.html",
        "wheelchair": "limited"
      },
      "geometry": {
        "type": "Point",
        "coordinates": [
          139.712048,
          35.693679
        ]
      },
      "id": "node/1420782870"
    },
    {
      "type": "Feature",
      "properties": {
        "@id": "node/1420782910",
        "amenity": "university",
        "building": "school",
        "education": "university",
        "name": "東京科学大学（医学部）",
        "name:en": "Faculty of Medicine",
        "name:ja": "東京科学大学（医学部）",
        "note": "National-Land Numerical Information (Public Facility) 2006, MLIT Japan",
        "note:ja": "国土数値情報（公共施設データ）平成19年　国土交通省",
        "source": "KSJ2",
        "source_ref": "http://nlftp.mlit.go.jp/ksj/jpgis/datalist/KsjTmplt-P02-v2_0.html",
        "wheelchair": "yes"
      },
      "geometry": {
        "type": "Point",
        "coordinates": [
          139.7641323,
          35.7018629
        ]
      },
      "id": "node/1420782910"
    },
    {
      "type": "Feature",
      "properties": {
        "@id": "node/1420782919",
        "amenity": "university",
        "building": "school",
        "education": "university",
        "name": "東京科学大学（歯学部）",
        "name:en": "Faculty of Dentistry",
        "name:ja": "東京科学大学（歯学部）",
        "note": "National-Land Numerical Information (Public Facility) 2006, MLIT Japan",
        "note:ja": "国土数値情報（公共施設データ）平成19年　国土交通省",
        "source": "KSJ2",
        "source_ref": "http://nlftp.mlit.go.jp/ksj/jpgis/datalist/KsjTmplt-P02-v2_0.html"
      },
      "geometry": {
        "type": "Point",
        "coordinates": [
          139.7648143,
          35.7009614
        ]
      },
      "id": "node/1420782919"
    },
    {
      "type": "Feature",
      "properties": {
        "@id": "node/1420783606",
        "addr:block_number": "3",
        "addr:city": "文京区",
        "addr:housenumber": "1",
        "addr:neighbourhood": "本郷七丁目",
        "addr:province": "東京都",
        "amenity": "university",
        "education": "university",
        "name": "東京大学（医学部）",
        "note": "National-Land Numerical Information (Public Facility) 2006, MLIT Japan",
        "note:ja": "国土数値情報（公共施設データ）平成19年　国土交通省",
        "source": "KSJ2",
        "source_ref": "http://nlftp.mlit.go.jp/ksj/jpgis/datalist/KsjTmplt-P02-v2_0.html",
        "wheelchair": "yes"
      },
      "geometry": {
        "type": "Point",
        "coordinates": [
          139.7633215,
          35.7126984
        ]
      },
      "id": "node/1420783606"
    },
    {
      "type": "Feature",
      "properties": {
        "@id": "node/1420783642",
        "addr:block_number": "3",
        "addr:city": "文京区",
        "addr:housenumber": "1",
        "addr:neighbourhood": "本郷七丁目",
        "addr:province": "東京都",
        "amenity": "university",
        "education": "university",
        "name": "東京大学（文学部）",
        "note": "National-Land Numerical Information (Public Facility) 2006, MLIT Japan",
        "note:ja": "国土数値情報（公共施設データ）平成19年　国土交通省",
        "source": "KSJ2",
        "source_ref": "http://nlftp.mlit.go.jp/ksj/jpgis/datalist/KsjTmplt-P02-v2_0.html"
      },
      "geometry": {
        "type": "Point",
        "coordinates": [
          139.7634663,
          35.7126962
        ]
      },
      "id": "node/1420783642"
    },
    {
      "type": "Feature",
      "properties": {
        "@id": "node/1420783660",
        "addr:block_number": "3",
        "addr:city": "文京区",
        "addr:housenumber": "1",
        "addr:neighbourhood": "本郷七丁目",
        "addr:province": "東京都",
        "amenity": "university",
        "education": "university",
        "name": "東京大学（法学部）",
        "note": "National-Land Numerical Information (Public Facility) 2006, MLIT Japan",
        "note:ja": "国土数値情報（公共施設データ）平成19年　国土交通省",
        "source": "KSJ2",
        "source_ref": "http://nlftp.mlit.go.jp/ksj/jpgis/datalist/KsjTmplt-P02-v2_0.html",
        "wheelchair": "yes"
      },
      "geometry": {
        "type": "Point",
        "coordinates": [
          139.7631981,
          35.7127028
        ]
      },
      "id": "node/1420783660"
    },
    {
      "type": "Feature",
      "properties": {
        "@id": "node/1420783669",
        "amenity": "university",
        "education": "university",
        "name": "東京大学（理学部）",
        "name:en": "Faculty of Science (University of Tokyo)",
        "note": "National-Land Numerical Information (Public Facility) 2006, MLIT Japan",
        "note:ja": "国土数値情報（公共施設データ）平成19年　国土交通省",
        "source": "KSJ2",
        "source_ref": "http://nlftp.mlit.go.jp/ksj/jpgis/datalist/KsjTmplt-P02-v2_0.html"
      },
      "geometry": {
        "type": "Point",
        "coordinates": [
          139.7636031,
          35.7126897
        ]
      },
      "id": "node/1420783669"
    },
    {
      "type": "Feature",
      "properties": {
        "@id": "node/1420783683",
        "addr:block_number": "3",
        "addr:city": "文京区",
        "addr:housenumber": "1",
        "addr:neighbourhood": "本郷七丁目",
        "addr:province": "東京都",
        "amenity": "university",
        "education": "university",
        "name": "東京大学（経済学部）",
        "note": "National-Land Numerical Information (Public Facility) 2006, MLIT Japan",
        "note:ja": "国土数値情報（公共施設データ）平成19年　国土交通省",
        "source": "KSJ2",
        "source_ref": "http://nlftp.mlit.go.jp/ksj/jpgis/datalist/KsjTmplt-P02-v2_0.html"
      },
      "geometry": {
        "type": "Point",
        "coordinates": [
          139.7629165,
          35.7127115
        ]
      },
      "id": "node/1420783683"
    },
    {
      "type": "Feature",
      "properties": {
        "@id": "node/1420783688",
        "addr:block_number": "3",
        "addr:city": "文京区",
        "addr:housenumber": "1",
        "addr:neighbourhood": "本郷七丁目",
        "addr:province": "東京都",
        "amenity": "university",
        "education": "university",
        "name": "東京大学（薬学部）",
        "note": "National-Land Numerical Information (Public Facility) 2006, MLIT Japan",
        "note:ja": "国土数値情報（公共施設データ）平成19年　国土交通省",
        "source": "KSJ2",
        "source_ref": "http://nlftp.mlit.go.jp/ksj/jpgis/datalist/KsjTmplt-P02-v2_0.html",
        "wheelchair": "yes"
      },
      "geometry": {
        "type": "Point",
        "coordinates": [
          139.7630506,
          35.7127071
        ]
      },
      "id": "node/1420783688"
    },
    {
      "type": "Feature",
      "properties": {
        "@id": "node/1420783694",
        "amenity": "university",
        "education": "university",
        "name": "東京大学（農学部）",
        "name:en": "Faculty of Agriculture (University of Tokyo)",
        "note": "National-Land Numerical Information (Public Facility) 2006, MLIT Japan",
        "note:ja": "国土数値情報（公共施設データ）平成19年　国土交通省",
        "source": "KSJ2",
        "source_ref": "http://nlftp.mlit.go.jp/ksj/jpgis/datalist/KsjTmplt-P02-v2_0.html"
      },
      "geometry": {
        "type": "Point",
        "coordinates": [
          139.760682,
          35.716483
        ]
      },
      "id": "node/1420783694"
    },
    {
      "type": "Feature",
      "properties": {
        "@id": "node/1420783709",
        "addr:block_number": "30",
        "addr:city": "国立市",
        "addr:housenumber": "1",
        "addr:neighbourhood": "富士見台四丁目",
        "addr:province": "東京都",
        "amenity": "university",
        "education": "university",
        "name": "東京女子体育大学（体育学部）",
        "note": "National-Land Numerical Information (Public Facility) 2006, MLIT Japan",
        "note:ja": "国土数値情報（公共施設データ）平成19年　国土交通省",
        "source": "KSJ2",
        "source_ref": "http://nlftp.mlit.go.jp/ksj/jpgis/datalist/KsjTmplt-P02-v2_0.html"
      },
      "geometry": {
        "type": "Point",
        "coordinates": [
          139.4277654,
          35.6889381
        ]
      },
      "id": "node/1420783709"
    },
    {
      "type": "Feature",
      "properties": {
        "@id": "node/1420783737",
        "amenity": "university",
        "education": "university",
        "name": "東京女子医科大学（医学部）",
        "note": "National-Land Numerical Information (Public Facility) 2006, MLIT Japan",
        "note:ja": "国土数値情報（公共施設データ）平成19年　国土交通省",
        "source": "KSJ2",
        "source_ref": "http://nlftp.mlit.go.jp/ksj/jpgis/datalist/KsjTmplt-P02-v2_0.html",
        "wheelchair": "limited"
      },
      "geometry": {
        "type": "Point",
        "coordinates": [
          139.72077,
          35.698012
        ]
      },
      "id": "node/1420783737"
    },
    {
      "type": "Feature",
      "properties": {
        "@id": "node/1420783742",
        "amenity": "university",
        "education": "university",
        "name": "東京女子医科大学（看護学部）",
        "note": "National-Land Numerical Information (Public Facility) 2006, MLIT Japan",
        "note:ja": "国土数値情報（公共施設データ）平成19年　国土交通省",
        "source": "KSJ2",
        "source_ref": "http://nlftp.mlit.go.jp/ksj/jpgis/datalist/KsjTmplt-P02-v2_0.html"
      },
      "geometry": {
        "type": "Point",
        "coordinates": [
          139.720652,
          35.6980599
        ]
      },
      "id": "node/1420783742"
    },
    {
      "type": "Feature",
      "properties": {
        "@id": "node/1420783905",
        "KSJ2:ADS": "相原町2600",
        "KSJ2:AdminArea": "東京都町田市",
        "KSJ2:PubFacAdmin": "民間",
        "amenity": "university",
        "name": "東京家政学院大学（人文学部）",
        "note": "National-Land Numerical Information (Public Facility) 2006, MLIT Japan",
        "note:ja": "国土数値情報（公共施設データ）平成19年　国土交通省",
        "source": "KSJ2",
        "source_ref": "http://nlftp.mlit.go.jp/ksj/jpgis/datalist/KsjTmplt-P02-v2_0.html"
      },
      "geometry": {
        "type": "Point",
        "coordinates": [
          139.311475,
          35.60918
        ]
      },
      "id": "node/1420783905"
    },
    {
      "type": "Feature",
      "properties": {
        "@id": "node/1420783922",
        "KSJ2:ADS": "相原町2600",
        "KSJ2:AdminArea": "東京都町田市",
        "KSJ2:PubFacAdmin": "民間",
        "amenity": "university",
        "name": "東京家政学院大学（家政学部）",
        "note": "National-Land Numerical Information (Public Facility) 2006, MLIT Japan",
        "note:ja": "国土数値情報（公共施設データ）平成19年　国土交通省",
        "source": "KSJ2",
        "source_ref": "http://nlftp.mlit.go.jp/ksj/jpgis/datalist/KsjTmplt-P02-v2_0.html"
      },
      "geometry": {
        "type": "Point",
        "coordinates": [
          139.311475,
          35.60918
        ]
      },
      "id": "node/1420783922"
    },
    {
      "type": "Feature",
      "properties": {
        "@id": "node/1420783934",
        "amenity": "university",
        "education": "university",
        "name": "東京家政学院大学 千代田三番町キャンパス",
        "wikidata": "Q7813915",
        "wikipedia": "ja:東京家政学院大学"
      },
      "geometry": {
        "type": "Point",
        "coordinates": [
          139.742185,
          35.691486
        ]
      },
      "id": "node/1420783934"
    },
    {
      "type": "Feature",
      "properties": {
        "@id": "node/1420783988",
        "amenity": "university",
        "name": "東京工科大学（コンピュータサイエンス学部）",
        "note": "National-Land Numerical Information (Public Facility) 2006, MLIT Japan",
        "note:ja": "国土数値情報（公共施設データ）平成19年　国土交通省",
        "source": "KSJ2",
        "source_ref": "http://nlftp.mlit.go.jp/ksj/jpgis/datalist/KsjTmplt-P02-v2_0.html"
      },
      "geometry": {
        "type": "Point",
        "coordinates": [
          139.3420578,
          35.6251171
        ]
      },
      "id": "node/1420783988"
    },
    {
      "type": "Feature",
      "properties": {
        "@id": "node/1420783991",
        "amenity": "university",
        "name": "東京工科大学（バイオニクス学部）;東京工科大学（メディア学部）",
        "note": "National-Land Numerical Information (Public Facility) 2006, MLIT Japan",
        "note:ja": "国土数値情報（公共施設データ）平成19年　国土交通省",
        "source": "KSJ2",
        "source_ref": "http://nlftp.mlit.go.jp/ksj/jpgis/datalist/KsjTmplt-P02-v2_0.html"
      },
      "geometry": {
        "type": "Point",
        "coordinates": [
          139.3420488,
          35.6251168
        ]
      },
      "id": "node/1420783991"
    },
    {
      "type": "Feature",
      "properties": {
        "@id": "node/1420784058",
        "addr:block_number": "3",
        "addr:city": "調布市",
        "addr:housenumber": "1",
        "addr:neighbourhood": "国領町八丁目",
        "addr:province": "東京都",
        "amenity": "university",
        "education": "university",
        "name": "東京慈恵会医科大学（医学部）",
        "note": "National-Land Numerical Information (Public Facility) 2006, MLIT Japan",
        "note:ja": "国土数値情報（公共施設データ）平成19年　国土交通省",
        "source": "KSJ2",
        "source_ref": "http://nlftp.mlit.go.jp/ksj/jpgis/datalist/KsjTmplt-P02-v2_0.html"
      },
      "geometry": {
        "type": "Point",
        "coordinates": [
          139.564816,
          35.645552
        ]
      },
      "id": "node/1420784058"
    },
    {
      "type": "Feature",
      "properties": {
        "@id": "node/1420784069",
        "addr:block_number": "25",
        "addr:city": "港区",
        "addr:housenumber": "8",
        "addr:neighbourhood": "西新橋三丁目",
        "addr:province": "東京都",
        "amenity": "university",
        "check_date": "2024-03-27",
        "education": "university",
        "name": "東京慈恵会医科大学（医学部）",
        "note": "National-Land Numerical Information (Public Facility) 2006, MLIT Japan",
        "note:ja": "国土数値情報（公共施設データ）平成19年　国土交通省",
        "source": "KSJ2",
        "source_ref": "http://nlftp.mlit.go.jp/ksj/jpgis/datalist/KsjTmplt-P02-v2_0.html"
      },
      "geometry": {
        "type": "Point",
        "coordinates": [
          139.750852,
          35.662933
        ]
      },
      "id": "node/1420784069"
    },
    {
      "type": "Feature",
      "properties": {
        "@id": "node/1420784649",
        "amenity": "university",
        "education": "university",
        "name": "東京海洋大学（水産学部）",
        "note": "National-Land Numerical Information (Public Facility) 2006, MLIT Japan",
        "note:ja": "国土数値情報（公共施設データ）平成19年　国土交通省",
        "source": "KSJ2",
        "source_ref": "http://nlftp.mlit.go.jp/ksj/jpgis/datalist/KsjTmplt-P02-v2_0.html"
      },
      "geometry": {
        "type": "Point",
        "coordinates": [
          139.7468895,
          35.6263517
        ]
      },
      "id": "node/1420784649"
    },
    {
      "type": "Feature",
      "properties": {
        "@id": "node/1420784671",
        "amenity": "university",
        "education": "university",
        "name": "東京海洋大学（海洋科学部）",
        "note": "National-Land Numerical Information (Public Facility) 2006, MLIT Japan",
        "note:ja": "国土数値情報（公共施設データ）平成19年　国土交通省",
        "source": "KSJ2",
        "source_ref": "http://nlftp.mlit.go.jp/ksj/jpgis/datalist/KsjTmplt-P02-v2_0.html"
      },
      "geometry": {
        "type": "Point",
        "coordinates": [
          139.746881,
          35.626354
        ]
      },
      "id": "node/1420784671"
    },
    {
      "type": "Feature",
      "properties": {
        "@id": "node/1420784763",
        "addr:block_number": "10",
        "addr:city": "三鷹市",
        "addr:housenumber": "30",
        "addr:neighbourhood": "大沢三丁目",
        "addr:province": "東京都",
        "amenity": "university",
        "education": "university",
        "name": "東京神学大学（神学部）",
        "note": "National-Land Numerical Information (Public Facility) 2006, MLIT Japan",
        "note:ja": "国土数値情報（公共施設データ）平成19年　国土交通省",
        "source": "KSJ2",
        "source_ref": "http://nlftp.mlit.go.jp/ksj/jpgis/datalist/KsjTmplt-P02-v2_0.html"
      },
      "geometry": {
        "type": "Point",
        "coordinates": [
          139.53448,
          35.688092
        ]
      },
      "id": "node/1420784763"
    },
    {
      "type": "Feature",
      "properties": {
        "@id": "node/1420784935",
        "amenity": "university",
        "name": "東京純心大学（現代文化学部）",
        "note": "National-Land Numerical Information (Public Facility) 2006, MLIT Japan",
        "note:ja": "国土数値情報（公共施設データ）平成19年　国土交通省",
        "source": "KSJ2",
        "source_ref": "http://nlftp.mlit.go.jp/ksj/jpgis/datalist/KsjTmplt-P02-v2_0.html"
      },
      "geometry": {
        "type": "Point",
        "coordinates": [
          139.334303,
          35.69385
        ]
      },
      "id": "node/1420784935"
    },
    {
      "type": "Feature",
      "properties": {
        "@id": "node/1420784937",
        "addr:block_number": "7",
        "addr:city": "国分寺市",
        "addr:housenumber": "34",
        "addr:neighbourhood": "南町一丁目",
        "addr:province": "東京都",
        "amenity": "university",
        "name": "東京経済大学（コミュニケーション学部）",
        "note": "National-Land Numerical Information (Public Facility) 2006, MLIT Japan",
        "note:ja": "国土数値情報（公共施設データ）平成19年　国土交通省",
        "source": "KSJ2",
        "source_ref": "http://nlftp.mlit.go.jp/ksj/jpgis/datalist/KsjTmplt-P02-v2_0.html"
      },
      "geometry": {
        "type": "Point",
        "coordinates": [
          139.4902041,
          35.6995358
        ]
      },
      "id": "node/1420784937"
    },
    {
      "type": "Feature",
      "properties": {
        "@id": "node/1420784946",
        "addr:block_number": "7",
        "addr:city": "国分寺市",
        "addr:housenumber": "34",
        "addr:neighbourhood": "南町一丁目",
        "addr:province": "東京都",
        "amenity": "university",
        "name": "東京経済大学（現代法学部）",
        "note": "National-Land Numerical Information (Public Facility) 2006, MLIT Japan",
        "note:ja": "国土数値情報（公共施設データ）平成19年　国土交通省",
        "source": "KSJ2",
        "source_ref": "http://nlftp.mlit.go.jp/ksj/jpgis/datalist/KsjTmplt-P02-v2_0.html"
      },
      "geometry": {
        "type": "Point",
        "coordinates": [
          139.4901655,
          35.6993465
        ]
      },
      "id": "node/1420784946"
    },
    {
      "type": "Feature",
      "properties": {
        "@id": "node/1420784950",
        "addr:block_number": "7",
        "addr:city": "国分寺市",
        "addr:housenumber": "34",
        "addr:neighbourhood": "南町一丁目",
        "addr:province": "東京都",
        "amenity": "university",
        "name": "東京経済大学（経営学部）",
        "note": "National-Land Numerical Information (Public Facility) 2006, MLIT Japan",
        "note:ja": "国土数値情報（公共施設データ）平成19年　国土交通省",
        "source": "KSJ2",
        "source_ref": "http://nlftp.mlit.go.jp/ksj/jpgis/datalist/KsjTmplt-P02-v2_0.html"
      },
      "geometry": {
        "type": "Point",
        "coordinates": [
          139.4898428,
          35.6993812
        ]
      },
      "id": "node/1420784950"
    },
    {
      "type": "Feature",
      "properties": {
        "@id": "node/1420784954",
        "addr:block_number": "7",
        "addr:city": "国分寺市",
        "addr:housenumber": "34",
        "addr:neighbourhood": "南町一丁目",
        "addr:province": "東京都",
        "amenity": "university",
        "name": "東京経済大学（経済学部）",
        "name:ja": "東京経済大学（経済学部）",
        "note": "National-Land Numerical Information (Public Facility) 2006, MLIT Japan",
        "note:ja": "国土数値情報（公共施設データ）平成19年　国土交通省",
        "source": "KSJ2",
        "source_ref": "http://nlftp.mlit.go.jp/ksj/jpgis/datalist/KsjTmplt-P02-v2_0.html"
      },
      "geometry": {
        "type": "Point",
        "coordinates": [
          139.4898606,
          35.699576
        ]
      },
      "id": "node/1420784954"
    },
    {
      "type": "Feature",
      "properties": {
        "@id": "node/1420784968",
        "KSJ2:ADS": "西新小岩1-4-6",
        "KSJ2:AdminArea": "東京都葛飾区",
        "KSJ2:PubFacAdmin": "民間",
        "amenity": "university",
        "name": "東京聖栄大学（健康栄養学部）",
        "note": "National-Land Numerical Information (Public Facility) 2006, MLIT Japan",
        "note:ja": "国土数値情報（公共施設データ）平成19年　国土交通省",
        "source": "KSJ2",
        "source_ref": "http://nlftp.mlit.go.jp/ksj/jpgis/datalist/KsjTmplt-P02-v2_0.html"
      },
      "geometry": {
        "type": "Point",
        "coordinates": [
          139.856816,
          35.718035
        ]
      },
      "id": "node/1420784968"
    },
    {
      "type": "Feature",
      "properties": {
        "@id": "node/1420785022",
        "amenity": "university",
        "education": "university",
        "name": "東京芸術大学 (美術学部)",
        "name:en": "Faculty of Fine Arts",
        "note": "National-Land Numerical Information (Public Facility) 2006, MLIT Japan",
        "note:ja": "国土数値情報（公共施設データ）平成19年　国土交通省",
        "source": "KSJ2",
        "source_ref": "http://nlftp.mlit.go.jp/ksj/jpgis/datalist/KsjTmplt-P02-v2_0.html"
      },
      "geometry": {
        "type": "Point",
        "coordinates": [
          139.7712699,
          35.7190317
        ]
      },
      "id": "node/1420785022"
    },
    {
      "type": "Feature",
      "properties": {
        "@id": "node/1420785037",
        "amenity": "university",
        "name": "東京芸術大学 (音楽学部)",
        "name:en": "Faculty of Music",
        "note": "National-Land Numerical Information (Public Facility) 2006, MLIT Japan",
        "note:ja": "国土数値情報（公共施設データ）平成19年　国土交通省",
        "source": "KSJ2",
        "source_ref": "http://nlftp.mlit.go.jp/ksj/jpgis/datalist/KsjTmplt-P02-v2_0.html"
      },
      "geometry": {
        "type": "Point",
        "coordinates": [
          139.7725372,
          35.7198143
        ]
      },
      "id": "node/1420785037"
    },
    {
      "type": "Feature",
      "properties": {
        "@id": "node/1420785044",
        "amenity": "university",
        "name": "東京薬科大学（研究3号館）",
        "note": "National-Land Numerical Information (Public Facility) 2006, MLIT Japan",
        "note:ja": "国土数値情報（公共施設データ）平成19年　国土交通省",
        "source": "KSJ2",
        "source_ref": "http://nlftp.mlit.go.jp/ksj/jpgis/datalist/KsjTmplt-P02-v2_0.html"
      },
      "geometry": {
        "type": "Point",
        "coordinates": [
          139.3856822,
          35.6386287
        ]
      },
      "id": "node/1420785044"
    },
    {
      "type": "Feature",
      "properties": {
        "@id": "node/1420785054",
        "amenity": "university",
        "name": "東京薬科大学（研究2号館）",
        "note": "National-Land Numerical Information (Public Facility) 2006, MLIT Japan",
        "note:ja": "国土数値情報（公共施設データ）平成19年　国土交通省",
        "source": "KSJ2",
        "source_ref": "http://nlftp.mlit.go.jp/ksj/jpgis/datalist/KsjTmplt-P02-v2_0.html"
      },
      "geometry": {
        "type": "Point",
        "coordinates": [
          139.3851083,
          35.6385371
        ]
      },
      "id": "node/1420785054"
    },
    {
      "type": "Feature",
      "properties": {
        "@id": "node/1420785074",
        "amenity": "university",
        "education": "university",
        "name": "東京農工大学（工学部）",
        "note": "National-Land Numerical Information (Public Facility) 2006, MLIT Japan",
        "note:ja": "国土数値情報（公共施設データ）平成19年　国土交通省",
        "source": "KSJ2",
        "source_ref": "http://nlftp.mlit.go.jp/ksj/jpgis/datalist/KsjTmplt-P02-v2_0.html"
      },
      "geometry": {
        "type": "Point",
        "coordinates": [
          139.5191429,
          35.6996924
        ]
      },
      "id": "node/1420785074"
    },
    {
      "type": "Feature",
      "properties": {
        "@id": "node/1420785095",
        "addr:block_number": "5-8",
        "addr:city": "府中市",
        "addr:neighbourhood": "3",
        "addr:postcode": "183-8509",
        "addr:province": "東京都",
        "addr:quarter": "幸町",
        "amenity": "university",
        "education": "university",
        "internet_access": "no",
        "internet_access:fee": "no",
        "name": "東京農工大学（農学部）",
        "note": "National-Land Numerical Information (Public Facility) 2006, MLIT Japan",
        "note:ja": "国土数値情報（公共施設データ）平成19年　国土交通省",
        "operator": "国立大学法人東京農工大学",
        "operator:type": "public",
        "source": "KSJ2",
        "source_ref": "http://nlftp.mlit.go.jp/ksj/jpgis/datalist/KsjTmplt-P02-v2_0.html",
        "website": "https://www.tuat.ac.jp",
        "wikidata": "Q1301275",
        "wikipedia": "ja:東京農工大学"
      },
      "geometry": {
        "type": "Point",
        "coordinates": [
          139.481374,
          35.684452
        ]
      },
      "id": "node/1420785095"
    },
    {
      "type": "Feature",
      "properties": {
        "@id": "node/1420785129",
        "amenity": "university",
        "education": "university",
        "name": "東京農業大学（国際食料情報学部）",
        "note": "National-Land Numerical Information (Public Facility) 2006, MLIT Japan",
        "note:ja": "国土数値情報（公共施設データ）平成19年　国土交通省",
        "source": "KSJ2",
        "source_ref": "http://nlftp.mlit.go.jp/ksj/jpgis/datalist/KsjTmplt-P02-v2_0.html"
      },
      "geometry": {
        "type": "Point",
        "coordinates": [
          139.6310472,
          35.6411246
        ]
      },
      "id": "node/1420785129"
    },
    {
      "type": "Feature",
      "properties": {
        "@id": "node/1420785144",
        "amenity": "university",
        "education": "university",
        "name": "東京農業大学（応用生物科学部）",
        "note": "National-Land Numerical Information (Public Facility) 2006, MLIT Japan",
        "note:ja": "国土数値情報（公共施設データ）平成19年　国土交通省",
        "source": "KSJ2",
        "source_ref": "http://nlftp.mlit.go.jp/ksj/jpgis/datalist/KsjTmplt-P02-v2_0.html"
      },
      "geometry": {
        "type": "Point",
        "coordinates": [
          139.6319161,
          35.6402586
        ]
      },
      "id": "node/1420785144"
    },
    {
      "type": "Feature",
      "properties": {
        "@id": "node/1420785513",
        "amenity": "university",
        "education": "university",
        "name": "東京都立大学　晴海キャンパス",
        "operator": "東京都公立大学法人"
      },
      "geometry": {
        "type": "Point",
        "coordinates": [
          139.785779,
          35.659881
        ]
      },
      "id": "node/1420785513"
    },
    {
      "type": "Feature",
      "properties": {
        "@id": "node/1420785516",
        "amenity": "university",
        "emergency": "assembly_point",
        "int_name": "Tokyo Metropolitan University Faculty of System Design",
        "name": "東京都立大学(日野キャンパス);東京都立大学（システムデザイン学部）",
        "note": "National-Land Numerical Information (Public Facility) 2006, MLIT Japan",
        "note:ja": "国土数値情報（公共施設データ）平成19年　国土交通省",
        "old_name": "東京都立科学技術大学",
        "source": "KSJ2",
        "source_ref": "http://nlftp.mlit.go.jp/ksj/jpgis/datalist/KsjTmplt-P02-v2_0.html"
      },
      "geometry": {
        "type": "Point",
        "coordinates": [
          139.366745,
          35.661035
        ]
      },
      "id": "node/1420785516"
    },
    {
      "type": "Feature",
      "properties": {
        "@id": "node/1420785649",
        "amenity": "university",
        "name": "東京音楽大学（音楽学部）",
        "name:en": "Faculty of Music (Tokyo College of Music)",
        "note": "National-Land Numerical Information (Public Facility) 2006, MLIT Japan",
        "note:ja": "国土数値情報（公共施設データ）平成19年　国土交通省",
        "source": "KSJ2",
        "source_ref": "http://nlftp.mlit.go.jp/ksj/jpgis/datalist/KsjTmplt-P02-v2_0.html"
      },
      "geometry": {
        "type": "Point",
        "coordinates": [
          139.714436,
          35.723176
        ]
      },
      "id": "node/1420785649"
    },
    {
      "type": "Feature",
      "properties": {
        "@id": "node/1420785919",
        "amenity": "university",
        "education": "university",
        "name": "東洋大学（文学部）",
        "name:en": "Faculty of Literature",
        "note": "National-Land Numerical Information (Public Facility) 2006, MLIT Japan",
        "note:ja": "国土数値情報（公共施設データ）平成19年　国土交通省",
        "source": "KSJ2",
        "source_ref": "http://nlftp.mlit.go.jp/ksj/jpgis/datalist/KsjTmplt-P02-v2_0.html"
      },
      "geometry": {
        "type": "Point",
        "coordinates": [
          139.7490677,
          35.7228915
        ]
      },
      "id": "node/1420785919"
    },
    {
      "type": "Feature",
      "properties": {
        "@id": "node/1420785920",
        "amenity": "university",
        "education": "university",
        "name": "東洋大学（法学部）",
        "name:en": "Faculty of Law",
        "note": "National-Land Numerical Information (Public Facility) 2006, MLIT Japan",
        "note:ja": "国土数値情報（公共施設データ）平成19年　国土交通省",
        "source": "KSJ2",
        "source_ref": "http://nlftp.mlit.go.jp/ksj/jpgis/datalist/KsjTmplt-P02-v2_0.html"
      },
      "geometry": {
        "type": "Point",
        "coordinates": [
          139.7499869,
          35.7234021
        ]
      },
      "id": "node/1420785920"
    },
    {
      "type": "Feature",
      "properties": {
        "@id": "node/1420785921",
        "amenity": "university",
        "education": "university",
        "name": "東洋大学（社会学部）",
        "name:en": "Faculty of Sociology",
        "note": "National-Land Numerical Information (Public Facility) 2006, MLIT Japan",
        "note:ja": "国土数値情報（公共施設データ）平成19年　国土交通省",
        "source": "KSJ2",
        "source_ref": "http://nlftp.mlit.go.jp/ksj/jpgis/datalist/KsjTmplt-P02-v2_0.html"
      },
      "geometry": {
        "type": "Point",
        "coordinates": [
          139.7499867,
          35.7232109
        ]
      },
      "id": "node/1420785921"
    },
    {
      "type": "Feature",
      "properties": {
        "@id": "node/1420785922",
        "amenity": "university",
        "education": "university",
        "name": "東洋大学（経営学部）",
        "name:en": "Faculty of Business Administration (Toyo University)",
        "note": "National-Land Numerical Information (Public Facility) 2006, MLIT Japan",
        "note:ja": "国土数値情報（公共施設データ）平成19年　国土交通省",
        "source": "KSJ2",
        "source_ref": "http://nlftp.mlit.go.jp/ksj/jpgis/datalist/KsjTmplt-P02-v2_0.html"
      },
      "geometry": {
        "type": "Point",
        "coordinates": [
          139.7499889,
          35.723335
        ]
      },
      "id": "node/1420785922"
    },
    {
      "type": "Feature",
      "properties": {
        "@id": "node/1420785923",
        "amenity": "university",
        "education": "university",
        "name": "東洋大学（経済学部）",
        "name:en": "Faculty of Economics",
        "note": "National-Land Numerical Information (Public Facility) 2006, MLIT Japan",
        "note:ja": "国土数値情報（公共施設データ）平成19年　国土交通省",
        "source": "KSJ2",
        "source_ref": "http://nlftp.mlit.go.jp/ksj/jpgis/datalist/KsjTmplt-P02-v2_0.html"
      },
      "geometry": {
        "type": "Point",
        "coordinates": [
          139.74999,
          35.7232717
        ]
      },
      "id": "node/1420785923"
    },
    {
      "type": "Feature",
      "properties": {
        "@id": "node/1420785924",
        "addr:block_number": "26",
        "addr:city": "文京区",
        "addr:housenumber": "3",
        "addr:neighbourhood": "本郷一丁目",
        "addr:province": "東京都",
        "amenity": "university",
        "education": "university",
        "name": "東洋学園大学（人文学部）",
        "note": "National-Land Numerical Information (Public Facility) 2006, MLIT Japan",
        "note:ja": "国土数値情報（公共施設データ）平成19年　国土交通省",
        "source": "KSJ2",
        "source_ref": "http://nlftp.mlit.go.jp/ksj/jpgis/datalist/KsjTmplt-P02-v2_0.html"
      },
      "geometry": {
        "type": "Point",
        "coordinates": [
          139.7576152,
          35.7046592
        ]
      },
      "id": "node/1420785924"
    },
    {
      "type": "Feature",
      "properties": {
        "@id": "node/1420785925",
        "addr:block_number": "26",
        "addr:city": "文京区",
        "addr:housenumber": "3",
        "addr:neighbourhood": "本郷一丁目",
        "addr:province": "東京都",
        "amenity": "university",
        "education": "university",
        "name": "東洋学園大学（現代経営学部）",
        "note": "National-Land Numerical Information (Public Facility) 2006, MLIT Japan",
        "note:ja": "国土数値情報（公共施設データ）平成19年　国土交通省",
        "source": "KSJ2",
        "source_ref": "http://nlftp.mlit.go.jp/ksj/jpgis/datalist/KsjTmplt-P02-v2_0.html"
      },
      "geometry": {
        "type": "Point",
        "coordinates": [
          139.7576253,
          35.7046513
        ]
      },
      "id": "node/1420785925"
    },
    {
      "type": "Feature",
      "properties": {
        "@id": "node/1420786258",
        "amenity": "university",
        "education": "university",
        "name": "桐朋学園大学（音楽学部）",
        "note": "National-Land Numerical Information (Public Facility) 2006, MLIT Japan",
        "note:ja": "国土数値情報（公共施設データ）平成19年　国土交通省",
        "source": "KSJ2",
        "source_ref": "http://nlftp.mlit.go.jp/ksj/jpgis/datalist/KsjTmplt-P02-v2_0.html"
      },
      "geometry": {
        "type": "Point",
        "coordinates": [
          139.584227,
          35.659207
        ]
      },
      "id": "node/1420786258"
    },
    {
      "type": "Feature",
      "properties": {
        "@id": "node/1420786906",
        "amenity": "university",
        "name": "武蔵野美術大学（造形学部）",
        "note": "National-Land Numerical Information (Public Facility) 2006, MLIT Japan",
        "source": "KSJ2",
        "source_ref": "http://nlftp.mlit.go.jp/ksj/jpgis/datalist/KsjTmplt-P02-v2_0.html"
      },
      "geometry": {
        "type": "Point",
        "coordinates": [
          139.447764,
          35.726891
        ]
      },
      "id": "node/1420786906"
    },
    {
      "type": "Feature",
      "properties": {
        "@id": "node/1420787846",
        "amenity": "university",
        "name": "法政大学（工学部）",
        "name:ja": "法政大学（工学部）",
        "note": "National-Land Numerical Information (Public Facility) 2006, MLIT Japan",
        "source": "KSJ2",
        "source_ref": "http://nlftp.mlit.go.jp/ksj/jpgis/datalist/KsjTmplt-P02-v2_0.html"
      },
      "geometry": {
        "type": "Point",
        "coordinates": [
          139.5220383,
          35.7097642
        ]
      },
      "id": "node/1420787846"
    },
    {
      "type": "Feature",
      "properties": {
        "@id": "node/1420787847",
        "amenity": "university",
        "name": "法政大学（情報科学部）",
        "name:ja": "法政大学（情報科学部）",
        "note": "National-Land Numerical Information (Public Facility) 2006, MLIT Japan",
        "source": "KSJ2",
        "source_ref": "http://nlftp.mlit.go.jp/ksj/jpgis/datalist/KsjTmplt-P02-v2_0.html"
      },
      "geometry": {
        "type": "Point",
        "coordinates": [
          139.5220452,
          35.7093923
        ]
      },
      "id": "node/1420787847"
    },
    {
      "type": "Feature",
      "properties": {
        "@id": "node/1420787850",
        "amenity": "university",
        "education": "university",
        "name": "法政大学（現代福祉学部）",
        "note": "National-Land Numerical Information (Public Facility) 2006, MLIT Japan",
        "note:ja": "国土数値情報（公共施設データ）平成19年　国土交通省",
        "source": "KSJ2",
        "source_ref": "http://nlftp.mlit.go.jp/ksj/jpgis/datalist/KsjTmplt-P02-v2_0.html"
      },
      "geometry": {
        "type": "Point",
        "coordinates": [
          139.2992882,
          35.6146595
        ]
      },
      "id": "node/1420787850"
    },
    {
      "type": "Feature",
      "properties": {
        "@id": "node/1420787851",
        "amenity": "university",
        "education": "university",
        "name": "法政大学（社会学部）",
        "note": "National-Land Numerical Information (Public Facility) 2006, MLIT Japan",
        "note:ja": "国土数値情報（公共施設データ）平成19年　国土交通省",
        "source": "KSJ2",
        "source_ref": "http://nlftp.mlit.go.jp/ksj/jpgis/datalist/KsjTmplt-P02-v2_0.html"
      },
      "geometry": {
        "type": "Point",
        "coordinates": [
          139.2993147,
          35.6156883
        ]
      },
      "id": "node/1420787851"
    },
    {
      "type": "Feature",
      "properties": {
        "@id": "node/1420787854",
        "amenity": "university",
        "education": "university",
        "name": "法政大学（経済学部）",
        "note": "National-Land Numerical Information (Public Facility) 2006, MLIT Japan",
        "note:ja": "国土数値情報（公共施設データ）平成19年　国土交通省",
        "source": "KSJ2",
        "source_ref": "http://nlftp.mlit.go.jp/ksj/jpgis/datalist/KsjTmplt-P02-v2_0.html"
      },
      "geometry": {
        "type": "Point",
        "coordinates": [
          139.2954094,
          35.6148064
        ]
      },
      "id": "node/1420787854"
    },
    {
      "type": "Feature",
      "properties": {
        "@id": "node/1420789725",
        "amenity": "university",
        "name": "玉川大学（農学部）",
        "source": "KSJ2"
      },
      "geometry": {
        "type": "Point",
        "coordinates": [
          139.4702423,
          35.5709112
        ]
      },
      "id": "node/1420789725"
    },
    {
      "type": "Feature",
      "properties": {
        "@id": "node/1420789936",
        "addr:block_number": "10",
        "addr:city": "品川区",
        "addr:housenumber": "40",
        "addr:neighbourhood": "東大井三丁目",
        "addr:postcode": "140-0011",
        "addr:province": "東京都",
        "amenity": "university",
        "contact:fax": "+81 3 3472 2790",
        "contact:phone": "+81 3 3472 7831",
        "contact:website": "https://aiit.ac.jp/",
        "internet_access": "wlan",
        "name": "東京都立産業技術大学院大学",
        "name:en": "Advanced Institute of Industrial Technology",
        "name:ja": "東京都立産業技術大学院大学",
        "old_name": "産業技術大学院大学",
        "operator": "東京都公立大学法人",
        "wikidata": "Q2983842",
        "wikipedia": "ja:東京都立産業技術大学院大学"
      },
      "geometry": {
        "type": "Point",
        "coordinates": [
          139.7490606,
          35.6064427
        ]
      },
      "id": "node/1420789936"
    },
    {
      "type": "Feature",
      "properties": {
        "@id": "node/1420789938",
        "KSJ2:ADS": "等々力6-39-15",
        "KSJ2:AdminArea": "東京都世田谷区",
        "KSJ2:PubFacAdmin": "民間",
        "amenity": "university",
        "name": "産業能率大学（経営学部）",
        "note": "National-Land Numerical Information (Public Facility) 2006, MLIT Japan",
        "note:ja": "国土数値情報（公共施設データ）平成19年　国土交通省",
        "source": "KSJ2",
        "source_ref": "http://nlftp.mlit.go.jp/ksj/jpgis/datalist/KsjTmplt-P02-v2_0.html"
      },
      "geometry": {
        "type": "Point",
        "coordinates": [
          139.661652,
          35.613512
        ]
      },
      "id": "node/1420789938"
    },
    {
      "type": "Feature",
      "properties": {
        "@id": "node/1420790350",
        "amenity": "university",
        "name": "白梅学園大学（子ども学部）",
        "note": "National-Land Numerical Information (Public Facility) 2006, MLIT Japan",
        "source": "KSJ2",
        "source_ref": "http://nlftp.mlit.go.jp/ksj/jpgis/datalist/KsjTmplt-P02-v2_0.html"
      },
      "geometry": {
        "type": "Point",
        "coordinates": [
          139.451381,
          35.725707
        ]
      },
      "id": "node/1420790350"
    },
    {
      "type": "Feature",
      "properties": {
        "@id": "node/1420795616",
        "amenity": "university",
        "name": "立教大学（文学部）",
        "name:en": "Faculty of Literature (St. Paul's University)",
        "note": "National-Land Numerical Information (Public Facility) 2006, MLIT Japan",
        "note:ja": "国土数値情報（公共施設データ）平成19年　国土交通省",
        "source": "KSJ2",
        "source_ref": "http://nlftp.mlit.go.jp/ksj/jpgis/datalist/KsjTmplt-P02-v2_0.html"
      },
      "geometry": {
        "type": "Point",
        "coordinates": [
          139.7023565,
          35.7301298
        ]
      },
      "id": "node/1420795616"
    },
    {
      "type": "Feature",
      "properties": {
        "@id": "node/1420795631",
        "amenity": "university",
        "name": "立教大学（法学部）",
        "name:en": "Faculty of Jurisprudence (St. Paul's University)",
        "note": "National-Land Numerical Information (Public Facility) 2006, MLIT Japan",
        "note:ja": "国土数値情報（公共施設データ）平成19年　国土交通省",
        "source": "KSJ2",
        "source_ref": "http://nlftp.mlit.go.jp/ksj/jpgis/datalist/KsjTmplt-P02-v2_0.html"
      },
      "geometry": {
        "type": "Point",
        "coordinates": [
          139.7019186,
          35.7300716
        ]
      },
      "id": "node/1420795631"
    },
    {
      "type": "Feature",
      "properties": {
        "@id": "node/1420795634",
        "amenity": "university",
        "name": "立教大学（理学部）",
        "name:en": "Faculty of Science (St. Paul's University)",
        "note": "National-Land Numerical Information (Public Facility) 2006, MLIT Japan",
        "note:ja": "国土数値情報（公共施設データ）平成19年　国土交通省",
        "source": "KSJ2",
        "source_ref": "http://nlftp.mlit.go.jp/ksj/jpgis/datalist/KsjTmplt-P02-v2_0.html"
      },
      "geometry": {
        "type": "Point",
        "coordinates": [
          139.7027304,
          35.7301795
        ]
      },
      "id": "node/1420795634"
    },
    {
      "type": "Feature",
      "properties": {
        "@id": "node/1420795638",
        "amenity": "university",
        "name": "立教大学（社会学部）",
        "note": "National-Land Numerical Information (Public Facility) 2006, MLIT Japan",
        "note:ja": "国土数値情報（公共施設データ）平成19年　国土交通省",
        "source": "KSJ2",
        "source_ref": "http://nlftp.mlit.go.jp/ksj/jpgis/datalist/KsjTmplt-P02-v2_0.html"
      },
      "geometry": {
        "type": "Point",
        "coordinates": [
          139.7024199,
          35.7301382
        ]
      },
      "id": "node/1420795638"
    },
    {
      "type": "Feature",
      "properties": {
        "@id": "node/1420795643",
        "amenity": "university",
        "name": "立教大学（経営学部）",
        "note": "National-Land Numerical Information (Public Facility) 2006, MLIT Japan",
        "note:ja": "国土数値情報（公共施設データ）平成19年　国土交通省",
        "source": "KSJ2",
        "source_ref": "http://nlftp.mlit.go.jp/ksj/jpgis/datalist/KsjTmplt-P02-v2_0.html"
      },
      "geometry": {
        "type": "Point",
        "coordinates": [
          139.7024892,
          35.7301474
        ]
      },
      "id": "node/1420795643"
    },
    {
      "type": "Feature",
      "properties": {
        "@id": "node/1420795656",
        "amenity": "university",
        "name": "立教大学（経済学部）",
        "note": "National-Land Numerical Information (Public Facility) 2006, MLIT Japan",
        "note:ja": "国土数値情報（公共施設データ）平成19年　国土交通省",
        "source": "KSJ2",
        "source_ref": "http://nlftp.mlit.go.jp/ksj/jpgis/datalist/KsjTmplt-P02-v2_0.html"
      },
      "geometry": {
        "type": "Point",
        "coordinates": [
          139.7022984,
          35.730122
        ]
      },
      "id": "node/1420795656"
    },
    {
      "type": "Feature",
      "properties": {
        "@id": "node/1420795952",
        "amenity": "university",
        "name": "総合研究大学院大学",
        "name:ja": "総合研究大学院大学",
        "note": "National-Land Numerical Information (Public Facility) 2006, MLIT Japan",
        "note:ja": "国土数値情報（公共施設データ）平成19年　国土交通省",
        "source": "KSJ2",
        "source_ref": "http://nlftp.mlit.go.jp/ksj/jpgis/datalist/KsjTmplt-P02-v2_0.html"
      },
      "geometry": {
        "type": "Point",
        "coordinates": [
          139.5373949,
          35.6754488
        ]
      },
      "id": "node/1420795952"
    },
    {
      "type": "Feature",
      "properties": {
        "@id": "node/1420795953",
        "amenity": "university",
        "check_date": "2024-10-09",
        "education": "university",
        "name": "総合研究大学院大学",
        "name:en": "SOKENDAI",
        "name:ja": "総合研究大学院大学",
        "name:ja_rm": "Sōgō Kenkyū Daigakuin Daigaku",
        "note": "National-Land Numerical Information (Public Facility) 2006, MLIT Japan",
        "note:ja": "国土数値情報（公共施設データ）平成19年　国土交通省",
        "source": "KSJ2",
        "source_ref": "http://nlftp.mlit.go.jp/ksj/jpgis/datalist/KsjTmplt-P02-v2_0.html"
      },
      "geometry": {
        "type": "Point",
        "coordinates": [
          139.7580176,
          35.6925179
        ]
      },
      "id": "node/1420795953"
    },
    {
      "type": "Feature",
      "properties": {
        "@id": "node/1420796494",
        "amenity": "university",
        "education": "university",
        "name": "芝浦工業大学（工学部）",
        "name:en": "Faculty of Engineering (Shibaura Institute of Technology)",
        "source": "KSJ2"
      },
      "geometry": {
        "type": "Point",
        "coordinates": [
          139.795435,
          35.66093
        ]
      },
      "id": "node/1420796494"
    },
    {
      "type": "Feature",
      "properties": {
        "@id": "node/1420800086",
        "amenity": "university",
        "education": "university",
        "name": "東京都立大学 荒川キャンパス",
        "name:en": "Faculty of Health Sciences (Tokyo Metropolitan University)",
        "name:ja": "東京都立大学 荒川キャンパス",
        "note": "National-Land Numerical Information (Public Facility) 2006, MLIT Japan",
        "note:ja": "国土数値情報（公共施設データ）平成19年　国土交通省",
        "source": "KSJ2",
        "source_ref": "http://nlftp.mlit.go.jp/ksj/jpgis/datalist/KsjTmplt-P02-v2_0.html"
      },
      "geometry": {
        "type": "Point",
        "coordinates": [
          139.772935,
          35.750176
        ]
      },
      "id": "node/1420800086"
    },
    {
      "type": "Feature",
      "properties": {
        "@id": "node/1420800637",
        "amenity": "university",
        "education": "university",
        "name": "ＬＥＣ東京リーガルマインド大学（総合キャリア学部）",
        "name:en": "LEC Graduate School of Accounting",
        "name:ja": "ＬＥＣ東京リーガルマインド大学（総合キャリア学部）",
        "note": "National-Land Numerical Information (Public Facility) 2006, MLIT Japan",
        "note:ja": "国土数値情報（公共施設データ）平成19年　国土交通省",
        "source": "KSJ2",
        "source_ref": "http://nlftp.mlit.go.jp/ksj/jpgis/datalist/KsjTmplt-P02-v2_0.html"
      },
      "geometry": {
        "type": "Point",
        "coordinates": [
          139.754921,
          35.699763
        ]
      },
      "id": "node/1420800637"
    },
    {
      "type": "Feature",
      "properties": {
        "@id": "way/1464086288",
        "addr:block_number": "18",
        "addr:city": "墨田区",
        "addr:housenumber": "13",
        "addr:neighbourhood": "文花一丁目",
        "addr:postcode": "131-0044",
        "addr:province": "東京都",
        "amenity": "university",
        "education": "university",
        "name": "情報経営イノベーション専門職大学",
        "operator": "学校法人電子学園",
        "website": "https://www.i-u.ac.jp/",
        "wikidata": "Q86743748",
        "wikipedia": "ja:情報経営イノベーション専門職大学",
        "@geometry": "center"
      },
      "geometry": {
        "type": "Point",
        "coordinates": [
          139.8231167,
          35.711289
        ]
      },
      "id": "way/1464086288"
    },
    {
      "type": "Feature",
      "properties": {
        "@id": "way/1464086293",
        "addr:block_number": "30",
        "addr:city": "墨田区",
        "addr:housenumber": "6",
        "addr:neighbourhood": "文花一丁目",
        "addr:postcode": "131-0044",
        "addr:province": "東京都",
        "amenity": "university",
        "education": "university",
        "name": "すみだメディアラボ",
        "operator": "学校法人電子学園",
        "website": "https://sumidamedialabo.jp/",
        "@geometry": "center"
      },
      "geometry": {
        "type": "Point",
        "coordinates": [
          139.8227351,
          35.7105916
        ]
      },
      "id": "way/1464086293"
    },
    {
      "type": "Feature",
      "properties": {
        "@id": "way/1464086294",
        "amenity": "university",
        "education": "university",
        "name": "千葉大学 墨田サテライトキャンパス",
        "operator": "国立大学法人千葉大学",
        "@geometry": "center"
      },
      "geometry": {
        "type": "Point",
        "coordinates": [
          139.8237274,
          35.7105186
        ]
      },
      "id": "way/1464086294"
    },
    {
      "type": "Feature",
      "properties": {
        "@id": "node/1726380767",
        "amenity": "university",
        "education": "university",
        "name": "成蹊大学",
        "name:en": "Seikei University",
        "name:ja": "成蹊大学",
        "name:ja-Hira": "せいけいだいがく",
        "name:ja_rm": "Seikei Daigaku",
        "wikidata": "Q369333"
      },
      "geometry": {
        "type": "Point",
        "coordinates": [
          139.5730897,
          35.7118165
        ]
      },
      "id": "node/1726380767"
    },
    {
      "type": "Feature",
      "properties": {
        "@id": "node/1851171300",
        "amenity": "university",
        "education": "university",
        "name": "慶應義塾大学（法学部）",
        "name:en": "Faculty of Law (Keio University)",
        "note": "National-Land Numerical Information (Public Facility) 2006, MLIT Japan",
        "note:ja": "国土数値情報（公共施設データ）平成19年　国土交通省",
        "source": "KSJ2",
        "source_ref": "http://nlftp.mlit.go.jp/ksj/jpgis/datalist/KsjTmplt-P02-v2_0.html"
      },
      "geometry": {
        "type": "Point",
        "coordinates": [
          139.7419407,
          35.6493789
        ]
      },
      "id": "node/1851171300"
    },
    {
      "type": "Feature",
      "properties": {
        "@id": "node/1985621553",
        "amenity": "university",
        "building": "school",
        "name": "東京薬科大学 (図書館棟)"
      },
      "geometry": {
        "type": "Point",
        "coordinates": [
          139.3837808,
          35.6384643
        ]
      },
      "id": "node/1985621553"
    },
    {
      "type": "Feature",
      "properties": {
        "@id": "node/2333031561",
        "amenity": "university",
        "education": "university",
        "name": "学生相談所・進学情報センター"
      },
      "geometry": {
        "type": "Point",
        "coordinates": [
          139.6848754,
          35.6598812
        ]
      },
      "id": "node/2333031561"
    },
    {
      "type": "Feature",
      "properties": {
        "@id": "node/2345219358",
        "amenity": "university",
        "education": "university",
        "name": "明治学院大学 法科大学院",
        "name:en": "Meiji Gakuin University Graduate Law School",
        "source": "image,2013-05;Bing"
      },
      "geometry": {
        "type": "Point",
        "coordinates": [
          139.7354128,
          35.6350278
        ]
      },
      "id": "node/2345219358"
    },
    {
      "type": "Feature",
      "properties": {
        "@id": "node/2383784875",
        "amenity": "university",
        "education": "university",
        "name": "産業能率大学マネジメントスクール",
        "name:en": "Sanno University Management School"
      },
      "geometry": {
        "type": "Point",
        "coordinates": [
          139.697442,
          35.649813
        ]
      },
      "id": "node/2383784875"
    },
    {
      "type": "Feature",
      "properties": {
        "@id": "node/2389061839",
        "amenity": "university",
        "education": "university",
        "name": "工学院大学（工学部）",
        "name:en": "Faculty of Engineering (Kogakuin University)",
        "source": "KSJ2",
        "source_ref": "http://nlftp.mlit.go.jp/ksj/jpgis/datalist/KsjTmplt-P02-v2_0.html"
      },
      "geometry": {
        "type": "Point",
        "coordinates": [
          139.6953738,
          35.6906
        ]
      },
      "id": "node/2389061839"
    },
    {
      "type": "Feature",
      "properties": {
        "@id": "node/2389061840",
        "amenity": "university",
        "education": "university",
        "name": "工学院大学（情報学部）",
        "name:en": "Faculty of Information (Kogakuin University)",
        "source": "KSJ2",
        "source_ref": "http://nlftp.mlit.go.jp/ksj/jpgis/datalist/KsjTmplt-P02-v2_0.html",
        "wheelchair": "yes"
      },
      "geometry": {
        "type": "Point",
        "coordinates": [
          139.6953979,
          35.6905694
        ]
      },
      "id": "node/2389061840"
    },
    {
      "type": "Feature",
      "properties": {
        "@id": "node/3342922550",
        "amenity": "university",
        "name": "日本工業大学",
        "name:en": "Nippon Institute of Technology"
      },
      "geometry": {
        "type": "Point",
        "coordinates": [
          139.7566685,
          35.6957405
        ]
      },
      "id": "node/3342922550"
    },
    {
      "type": "Feature",
      "properties": {
        "@id": "node/3343292925",
        "amenity": "university",
        "branch": "水道橋校舎本館",
        "education": "university",
        "name": "東京歯科大学",
        "name:en": "Tokyo Dental College",
        "name:ja": "東京歯科大学",
        "wikidata": "Q7813868",
        "wikipedia": "ja:東京歯科大学"
      },
      "geometry": {
        "type": "Point",
        "coordinates": [
          139.7547839,
          35.7015468
        ]
      },
      "id": "node/3343292925"
    },
    {
      "type": "Feature",
      "properties": {
        "@id": "node/4258665703",
        "addr:city": "千代田区",
        "addr:postcode": "101-0061",
        "amenity": "university",
        "education": "university",
        "name": "東京歯科大学 水道橋校舎新館",
        "name:en": "Tokyo Dental College Suidobashi New Building",
        "name:ja": "東京歯科大学 水道橋校舎新館",
        "operator": "学校法人 東京歯科大学",
        "website": "https://www.tdc.ac.jp/"
      },
      "geometry": {
        "type": "Point",
        "coordinates": [
          139.7552957,
          35.7002068
        ]
      },
      "id": "node/4258665703"
    },
    {
      "type": "Feature",
      "properties": {
        "@id": "node/4341029746",
        "amenity": "university",
        "education": "university",
        "name": "中央大学ビジネススクール"
      },
      "geometry": {
        "type": "Point",
        "coordinates": [
          139.7487928,
          35.7077316
        ]
      },
      "id": "node/4341029746"
    },
    {
      "type": "Feature",
      "properties": {
        "@id": "node/4694408214",
        "amenity": "university",
        "education": "university",
        "name": "薬学部",
        "name:ja": "薬学部",
        "wheelchair": "yes"
      },
      "geometry": {
        "type": "Point",
        "coordinates": [
          139.7631099,
          35.7103105
        ]
      },
      "id": "node/4694408214"
    },
    {
      "type": "Feature",
      "properties": {
        "@id": "node/4861601992",
        "amenity": "university",
        "education": "university",
        "name": "理学部生物学科",
        "name:en": "Department of Biological Sciences, Faculty of Science",
        "wheelchair": "yes"
      },
      "geometry": {
        "type": "Point",
        "coordinates": [
          139.7610417,
          35.7095953
        ]
      },
      "id": "node/4861601992"
    },
    {
      "type": "Feature",
      "properties": {
        "@id": "node/5071693018",
        "amenity": "university",
        "education": "university",
        "name": "二松学舎大学 Akiba Lab"
      },
      "geometry": {
        "type": "Point",
        "coordinates": [
          139.7699627,
          35.6991276
        ]
      },
      "id": "node/5071693018"
    },
    {
      "type": "Feature",
      "properties": {
        "@id": "node/5255664893",
        "amenity": "university",
        "education": "university",
        "name": "二松学舎大学　九段3号館"
      },
      "geometry": {
        "type": "Point",
        "coordinates": [
          139.7466364,
          35.6940529
        ]
      },
      "id": "node/5255664893"
    },
    {
      "type": "Feature",
      "properties": {
        "@id": "node/5292926060",
        "amenity": "university",
        "name": "帝京科学大学２号館",
        "operator": "学校法人帝京科学大学"
      },
      "geometry": {
        "type": "Point",
        "coordinates": [
          139.791561,
          35.7558027
        ]
      },
      "id": "node/5292926060"
    },
    {
      "type": "Feature",
      "properties": {
        "@id": "node/5292928158",
        "amenity": "university",
        "name": "7号館",
        "name:ja": "帝京科学大学千住キャンパス7号館",
        "operator": "学校法人帝京科学大学"
      },
      "geometry": {
        "type": "Point",
        "coordinates": [
          139.7922636,
          35.750932
        ]
      },
      "id": "node/5292928158"
    },
    {
      "type": "Feature",
      "properties": {
        "@id": "node/5292929337",
        "amenity": "university",
        "name": "帝京科学大学３号館",
        "operator": "学校法人帝京科学大学"
      },
      "geometry": {
        "type": "Point",
        "coordinates": [
          139.7921859,
          35.7559326
        ]
      },
      "id": "node/5292929337"
    },
    {
      "type": "Feature",
      "properties": {
        "@id": "node/5292932641",
        "amenity": "university",
        "name": "4号館",
        "name:ja": "帝京科学大学４号館",
        "operator": "学校法人帝京科学大学"
      },
      "geometry": {
        "type": "Point",
        "coordinates": [
          139.7940722,
          35.7488841
        ]
      },
      "id": "node/5292932641"
    },
    {
      "type": "Feature",
      "properties": {
        "@id": "node/5292932642",
        "amenity": "university",
        "name": "5号館",
        "name:ja": "帝京科学大学５号館",
        "operator": "学校法人帝京科学大学"
      },
      "geometry": {
        "type": "Point",
        "coordinates": [
          139.7934139,
          35.7488898
        ]
      },
      "id": "node/5292932642"
    },
    {
      "type": "Feature",
      "properties": {
        "@id": "node/5292939325",
        "amenity": "university",
        "name": "6号館（さくら寮）",
        "name:ja": "帝京科学大学千住キャンパス6号館",
        "operator": "学校法人帝京科学大学"
      },
      "geometry": {
        "type": "Point",
        "coordinates": [
          139.7920385,
          35.7526107
        ]
      },
      "id": "node/5292939325"
    },
    {
      "type": "Feature",
      "properties": {
        "@id": "node/5592476870",
        "amenity": "university",
        "education": "university",
        "name": "順天堂大学サテライト4"
      },
      "geometry": {
        "type": "Point",
        "coordinates": [
          139.7622549,
          35.7031302
        ]
      },
      "id": "node/5592476870"
    },
    {
      "type": "Feature",
      "properties": {
        "@id": "node/5598982411",
        "amenity": "university",
        "education": "university",
        "name": "東京福祉大学 王子キャンパス"
      },
      "geometry": {
        "type": "Point",
        "coordinates": [
          139.7475351,
          35.7515988
        ]
      },
      "id": "node/5598982411"
    },
    {
      "type": "Feature",
      "properties": {
        "@id": "node/5610577225",
        "amenity": "university",
        "education": "university",
        "name": "工学部6号館"
      },
      "geometry": {
        "type": "Point",
        "coordinates": [
          139.7610405,
          35.7141143
        ]
      },
      "id": "node/5610577225"
    },
    {
      "type": "Feature",
      "properties": {
        "@id": "node/6135576744",
        "amenity": "university",
        "name": "朝鮮大学校",
        "wikidata": "Q840647",
        "wikipedia": "ja:朝鮮大学校 (日本)"
      },
      "geometry": {
        "type": "Point",
        "coordinates": [
          139.4486625,
          35.7242668
        ]
      },
      "id": "node/6135576744"
    },
    {
      "type": "Feature",
      "properties": {
        "@id": "node/6282875340",
        "amenity": "university",
        "education": "university",
        "name": "法政大学（スポーツ健康学部）",
        "note": "National-Land Numerical Information (Public Facility) 2006, MLIT Japan",
        "note:ja": "国土数値情報（公共施設データ）平成19年　国土交通省",
        "source": "KSJ2",
        "source_ref": "http://nlftp.mlit.go.jp/ksj/jpgis/datalist/KsjTmplt-P02-v2_0.html"
      },
      "geometry": {
        "type": "Point",
        "coordinates": [
          139.3013257,
          35.6116255
        ]
      },
      "id": "node/6282875340"
    },
    {
      "type": "Feature",
      "properties": {
        "@id": "node/6461868561",
        "amenity": "university",
        "education": "university",
        "name": "杉野服飾大学",
        "wikidata": "Q7635119",
        "wikipedia": "ja:杉野服飾大学"
      },
      "geometry": {
        "type": "Point",
        "coordinates": [
          139.7158534,
          35.631606
        ]
      },
      "id": "node/6461868561"
    },
    {
      "type": "Feature",
      "properties": {
        "@id": "node/6682019223",
        "amenity": "university",
        "name": "8号館",
        "name:ja": "帝京科学大学千住キャンパス 8号館",
        "operator": "学校法人帝京科学大学"
      },
      "geometry": {
        "type": "Point",
        "coordinates": [
          139.7898268,
          35.754281
        ]
      },
      "id": "node/6682019223"
    },
    {
      "type": "Feature",
      "properties": {
        "@id": "node/6798338424",
        "amenity": "university",
        "education": "university",
        "name": "日本体育大学"
      },
      "geometry": {
        "type": "Point",
        "coordinates": [
          139.6404839,
          35.6257182
        ]
      },
      "id": "node/6798338424"
    },
    {
      "type": "Feature",
      "properties": {
        "@id": "node/7073987979",
        "amenity": "university",
        "contact:instagram": "https://www.instagram.com/kindai_tokyocenter/",
        "contact:line": "http://line.naver.jp/ti/p/%40kindai",
        "contact:tiktok": "https://www.tiktok.com/@kinkidaigakupr",
        "contact:twitter": "https://twitter.com/kinkidaigakuPR",
        "contact:youtube": "https://www.youtube.com/user/KINKIUNIVERSITY",
        "level": "12",
        "name": "近畿大学 東京センター",
        "name:en": "Kindai university tokyo center",
        "website": "https://www.kindai.ac.jp/about-kindai/campus-guide/tokyo-office/",
        "wheelchair": "yes"
      },
      "geometry": {
        "type": "Point",
        "coordinates": [
          139.7698671,
          35.6807666
        ]
      },
      "id": "node/7073987979"
    },
    {
      "type": "Feature",
      "properties": {
        "@id": "node/7166116830",
        "amenity": "university",
        "education": "university",
        "name": "中央大学"
      },
      "geometry": {
        "type": "Point",
        "coordinates": [
          139.7256766,
          35.6926185
        ]
      },
      "id": "node/7166116830"
    },
    {
      "type": "Feature",
      "properties": {
        "@id": "node/9566118443",
        "amenity": "university",
        "name": "一橋大学　小平国際キャンパス"
      },
      "geometry": {
        "type": "Point",
        "coordinates": [
          139.4744356,
          35.7200165
        ]
      },
      "id": "node/9566118443"
    },
    {
      "type": "Feature",
      "properties": {
        "@id": "node/9869311585",
        "amenity": "university",
        "education": "university",
        "name": "東洋大学",
        "name:en": "Toyo University",
        "name:es": "Universidad de Toyo",
        "name:ja": "東洋大学",
        "website": "https://www.toyo.ac.jp/",
        "wikidata": "Q1321655",
        "wikipedia": "ja:東洋大学"
      },
      "geometry": {
        "type": "Point",
        "coordinates": [
          139.7505853,
          35.723417
        ]
      },
      "id": "node/9869311585"
    },
    {
      "type": "Feature",
      "properties": {
        "@id": "node/9981968280",
        "amenity": "university",
        "education": "university",
        "name": "東京理科大学経営学部",
        "wikidata": "Q109369254",
        "wikipedia": "ja:東京理科大学大学院経営学研究科・経営学部"
      },
      "geometry": {
        "type": "Point",
        "coordinates": [
          139.7458574,
          35.6964463
        ]
      },
      "id": "node/9981968280"
    },
    {
      "type": "Feature",
      "properties": {
        "@id": "node/10297086140",
        "amenity": "university",
        "education": "university",
        "name": "明治大学",
        "name:en": "Meiji University",
        "name:ja": "明治大学"
      },
      "geometry": {
        "type": "Point",
        "coordinates": [
          139.7618457,
          35.6966428
        ]
      },
      "id": "node/10297086140"
    },
    {
      "type": "Feature",
      "properties": {
        "@id": "node/10801399669",
        "addr:block_number": "29",
        "addr:city": "港区",
        "addr:housenumber": "13",
        "addr:neighbourhood": "二丁目",
        "addr:postcode": "108-0014",
        "addr:province": "東京都",
        "addr:quarter": "芝",
        "amenity": "university",
        "branch": "東京スクーリング会場",
        "contact:email": "info-tsukyo@asu.ac.jp",
        "education": "university",
        "level": "3, 4, 5",
        "name": "愛知産業大学・愛知産業短期大学 通信教育部",
        "operator": "学校法人愛知産業大学",
        "operator:type": "private",
        "website": "https://www.aisan-tsukyo.jp/",
        "wikidata": "Q4696587",
        "wikimedia_commons": "Category:Aichi Sangyo University",
        "wikipedia": "ja:愛知産業大学"
      },
      "geometry": {
        "type": "Point",
        "coordinates": [
          139.7525608,
          35.6495371
        ]
      },
      "id": "node/10801399669"
    },
    {
      "type": "Feature",
      "properties": {
        "@id": "node/11282703333",
        "amenity": "university",
        "name": "玉川大学",
        "name:en": "Tamagawa University",
        "name:ja": "玉川大学",
        "wikidata": "Q7680543",
        "wikipedia": "ja:玉川大学"
      },
      "geometry": {
        "type": "Point",
        "coordinates": [
          139.4648401,
          35.5670245
        ]
      },
      "id": "node/11282703333"
    },
    {
      "type": "Feature",
      "properties": {
        "@id": "node/11552548538",
        "amenity": "university",
        "emergency": "assembly_point",
        "name": "実践女子大学",
        "note": "National-Land Numerical Information (Public Facility) 2006, MLIT Japan",
        "note:ja": "国土数値情報（公共施設データ）平成19年　国土交通省",
        "source": "KSJ2",
        "source_ref": "http://nlftp.mlit.go.jp/ksj/jpgis/datalist/KsjTmplt-P02-v2_0.html"
      },
      "geometry": {
        "type": "Point",
        "coordinates": [
          139.3895607,
          35.671722
        ]
      },
      "id": "node/11552548538"
    },
    {
      "type": "Feature",
      "properties": {
        "@id": "node/11552548540",
        "amenity": "university",
        "emergency": "assembly_point",
        "name": "明星大学（人文学部）",
        "name:en": "Meisei University",
        "name:ja": "明星大学",
        "note": "National-Land Numerical Information (Public Facility) 2006, MLIT Japan",
        "note:ja": "国土数値情報（公共施設データ）平成19年　国土交通省",
        "source": "KSJ2",
        "source:ja": "国土画像情報（オルソ化空中写真）国土交通省",
        "source_ref": "http://nlftp.mlit.go.jp/ksj/jpgis/datalist/KsjTmplt-P02-v2_0.html",
        "wheelchair": "yes",
        "wikidata": "Q3551631",
        "wikipedia": "ja:明星大学"
      },
      "geometry": {
        "type": "Point",
        "coordinates": [
          139.4076266,
          35.6445403
        ]
      },
      "id": "node/11552548540"
    },
    {
      "type": "Feature",
      "properties": {
        "@id": "node/11552548553",
        "amenity": "university",
        "emergency": "assembly_point",
        "name": "帝京大学百草グラウンド"
      },
      "geometry": {
        "type": "Point",
        "coordinates": [
          139.4249026,
          35.6483361
        ]
      },
      "id": "node/11552548553"
    },
    {
      "type": "Feature",
      "properties": {
        "@id": "node/11578180972",
        "amenity": "university",
        "name": "９号館",
        "note": "National-Land Numerical Information (Public Facility) 2006, MLIT Japan",
        "note:ja": "国土数値情報（公共施設データ）平成19年　国土交通省",
        "source": "KSJ2",
        "source_ref": "http://nlftp.mlit.go.jp/ksj/jpgis/datalist/KsjTmplt-P02-v2_0.html"
      },
      "geometry": {
        "type": "Point",
        "coordinates": [
          139.4197668,
          35.6425517
        ]
      },
      "id": "node/11578180972"
    },
    {
      "type": "Feature",
      "properties": {
        "@id": "node/11633640683",
        "amenity": "university",
        "education": "university",
        "name": "金沢工業大学大学院　虎ノ門キャンパス"
      },
      "geometry": {
        "type": "Point",
        "coordinates": [
          139.7493411,
          35.6658893
        ]
      },
      "id": "node/11633640683"
    },
    {
      "type": "Feature",
      "properties": {
        "@id": "node/11818359637",
        "amenity": "university",
        "education": "university",
        "name": "二松学舎大学 九段5号館"
      },
      "geometry": {
        "type": "Point",
        "coordinates": [
          139.7444487,
          35.6934442
        ]
      },
      "id": "node/11818359637"
    },
    {
      "type": "Feature",
      "properties": {
        "@id": "node/12180022196",
        "addr:block_number": "34",
        "addr:city": "世田谷区",
        "addr:housenumber": "14",
        "addr:neighbourhood": "三軒茶屋一丁目",
        "addr:postcode": "154-0024",
        "addr:province": "東京都",
        "amenity": "university",
        "check_date": "2024-09-16",
        "education": "university",
        "internet_access": "yes",
        "internet_access:fee": "customers",
        "name": "TUJ Student Activity Center",
        "name:ja": "TUJ アクティビティ・スタジオ",
        "operator": "Temple University, Japan Campus",
        "operator:type": "university",
        "website": "https://www.tuj.ac.jp/maps/tokyo-satellite-offices",
        "wheelchair": "yes"
      },
      "geometry": {
        "type": "Point",
        "coordinates": [
          139.6729447,
          35.6417462
        ]
      },
      "id": "node/12180022196"
    },
    {
      "type": "Feature",
      "properties": {
        "@id": "node/12180022198",
        "addr:block_number": "36",
        "addr:city": "世田谷区",
        "addr:housenumber": "1",
        "addr:neighbourhood": "三軒茶屋一丁目",
        "addr:postcode": "154-0024",
        "addr:province": "東京都",
        "amenity": "university",
        "check_date": "2024-09-16",
        "education": "university",
        "internet_access": "yes",
        "internet_access:fee": "customers",
        "level": "2",
        "name": "TUJ Administrative Office (HR)",
        "name:ja": "TUJ 事務所 (HR)",
        "operator": "Temple University, Japan Campus",
        "operator:type": "university",
        "website": "https://www.tuj.ac.jp/maps/tokyo-satellite-offices",
        "wheelchair": "no"
      },
      "geometry": {
        "type": "Point",
        "coordinates": [
          139.6719066,
          35.6422854
        ]
      },
      "id": "node/12180022198"
    },
    {
      "type": "Feature",
      "properties": {
        "@id": "node/12180041610",
        "addr:block_number": "37",
        "addr:city": "世田谷区",
        "addr:housenumber": "2",
        "addr:neighbourhood": "三軒茶屋一丁目",
        "addr:postcode": "154-0024",
        "addr:province": "東京都",
        "amenity": "university",
        "check_date": "2024-09-16",
        "education": "university",
        "internet_access": "yes",
        "internet_access:fee": "customers",
        "level": "2",
        "name": "TUJ Sancha Office",
        "name:ja": "TUJ三茶オフィス",
        "operator": "Temple University, Japan Campus",
        "operator:type": "university",
        "website": "https://www.tuj.ac.jp/maps/tokyo-satellite-offices",
        "wheelchair": "yes"
      },
      "geometry": {
        "type": "Point",
        "coordinates": [
          139.6708237,
          35.642747
        ]
      },
      "id": "node/12180041610"
    },
    {
      "type": "Feature",
      "properties": {
        "@id": "node/12752372968",
        "alt_name": "名商大ビジネススクール",
        "amenity": "university",
        "image": "https://upload.wikimedia.org/wikipedia/commons/thumb/2/2f/NUCB_Business_School.svg/1024px-NUCB_Business_School.svg.png",
        "level": "6;8;9",
        "name": "名古屋商科大学大学院",
        "official_name": "Graduate School of Management, Nagoya University of Commerce & Business",
        "short_name:en": "NUCB Business School",
        "website": "https://mba.nucba.ac.jp/",
        "wheelchair": "yes",
        "wikipedia": "ja:名古屋商科大学大学院"
      },
      "geometry": {
        "type": "Point",
        "coordinates": [
          139.7637745,
          35.6812261
        ]
      },
      "id": "node/12752372968"
    },
    {
      "type": "Feature",
      "properties": {
        "@id": "node/13057547880",
        "addr:postcode": "180-0023",
        "amenity": "university",
        "branch": "武蔵境キャンパス",
        "branch:en": "Musashisakai campus",
        "contact:phone": "+81 422 34 3394",
        "contact:website": "https://www.nms.ac.jp/college/",
        "education": "university",
        "name": "日本医科大学",
        "name:en": "Nippon Medical School",
        "name:ja": "日本医科大学",
        "wikidata": "Q615301",
        "wikipedia": "ja:日本医科大学"
      },
      "geometry": {
        "type": "Point",
        "coordinates": [
          139.5473833,
          35.7017907
        ]
      },
      "id": "node/13057547880"
    },
    {
      "type": "Feature",
      "properties": {
        "@id": "node/13057547881",
        "addr:postcode": "180-8602",
        "amenity": "university",
        "contact:fax": "+81 422 33 2094",
        "contact:phone": "+81 422 31 4151",
        "contact:website": "https://www.nvlu.ac.jp/",
        "education": "university",
        "name": "日本獣医生命科学大学",
        "name:en": "Nippon Veterinary and Life Science University",
        "name:ja": "日本獣医生命科学大学",
        "wikidata": "Q7039680",
        "wikipedia": "ja:日本獣医生命科学大学"
      },
      "geometry": {
        "type": "Point",
        "coordinates": [
          139.5469013,
          35.7010778
        ]
      },
      "id": "node/13057547881"
    },
    {
      "type": "Feature",
      "properties": {
        "@id": "node/13107974576",
        "amenity": "university",
        "branch": "東京校",
        "education": "university",
        "name": "上海大学",
        "operator:wikidata": "Q1343386",
        "operator:wikipedia": "ja:上海大学",
        "phone": "+81-3-5937-0636",
        "website": "https://www.u-shanghai.jp/"
      },
      "geometry": {
        "type": "Point",
        "coordinates": [
          139.7015154,
          35.6982728
        ]
      },
      "id": "node/13107974576"
    },
    {
      "type": "Feature",
      "properties": {
        "@id": "node/13344133999",
        "amenity": "university",
        "name": "横浜薬科大学 池袋キャンパス"
      },
      "geometry": {
        "type": "Point",
        "coordinates": [
          139.7203354,
          35.7307416
        ]
      },
      "id": "node/13344133999"
    },
    {
      "type": "Feature",
      "properties": {
        "@id": "node/13433345048",
        "amenity": "university",
        "education": "university",
        "level": "1",
        "name": "The Film School of Tokyo",
        "name:ja": "映画美学校",
        "phone": "+81354591850",
        "website": "http://eigabigakkou.com/"
      },
      "geometry": {
        "type": "Point",
        "coordinates": [
          139.6953828,
          35.6592482
        ]
      },
      "id": "node/13433345048"
    },
    {
      "type": "Feature",
      "properties": {
        "@id": "node/13475590522",
        "amenity": "university",
        "check_date": "2026-01-22",
        "education": "university",
        "name": "早稲田大学3号館"
      },
      "geometry": {
        "type": "Point",
        "coordinates": [
          139.7201569,
          35.7090803
        ]
      },
      "id": "node/13475590522"
    }
  ]
}